periode_M,GDP CQOQ Index,GDP CYOY Index,GDP CURY Index,GDP PIQQ Index,USURTOT Index,NFP TCH Index,ADP CHNG Index,LEI WKIJ Index,USHEYOY Index,CPI XYOY Index,PCE CYOY Index,PPI XYOY Index,IP  YOY Index,CPTICHNG Index,DGNOYOY Index,NAPMPMI Index,NAPMNMI Index,CFNAI Index,OUTFGAF Index,EMPRGBCI Index,RCHSINDX Index,CHPMINDX Index,LEI YOY Index,NHSPATOT Index,ETSLTOTL Index,RSTAXMOM Index,RSTAXYOY Index,SAARTOTL Index,PITLYOY Index,PCE CHY% Index,PCE CHNC Index,CONCCONF Index,CONSSENT Index,SPX INDEX,MXWO INDEX,CCMP Index,FED FUNDS,XAU Curncy,CL1 Comdty,ISIX62IU Index,LMCADS03 Comdty,RTY Index,BITCOIN Index,ETHEREUM Index,S5FINL Index  (R1),S5INFT Index  (R2),S5HLTH Index  (L1),S5COND Index  (L1),S5TELS Index  (R1),S5INDU Index  (L1),S5CONS Index  (L1),S5ENRS Index  (L1),S5UTIL Index  (R1),S5MATR Index  (R1),S5RLST Index  (R1),Housing Permit,NBER
1954-09,,,,,,,,,,,,,,,,,,,,,,,,,,,,,,,,,,,,,1.07,,,,,,,,,,,,,,,,,,,,0
1954-10,,,,,,,,,,,,,,,,,,,,,,,,,,,,,,,,,,,,,,,,,,,,,,,,,,,,,,,,,0
1954-11,,,,,,,,,,,,,,,,,,,,,,,,,,,,,,,,,,,,,,,,,,,,,,,,,,,,,,,,,0
1954-12,,,,,,,,,,,,,,,,,,,,,,,,,,,,,,,,,,,,,1.28,,,,,,,,,,,,,,,,,,,,0
1955-01,,,,,,,,,,,,,,,,,,,,,,,,,,,,,,,,,,,,,,,,,,,,,,,,,,,,,,,,,0
1955-02,,,,,,,,,,,,,,,,,,,,,,,,,,,,,,,,,,,,,,,,,,,,,,,,,,,,,,,,,0
1955-03,,,,,,,,,,,,,,,,,,,,,,,,,,,,,,,,,,,,,1.35,,,,,,,,,,,,,,,,,,,,0
1955-04,,,,,,,,,,,,,,,,,,,,,,,,,,,,,,,,,,,,,,,,,,,,,,,,,,,,,,,,,0
1955-05,,,,,,,,,,,,,,,,,,,,,,,,,,,,,,,,,,,,,,,,,,,,,,,,,,,,,,,,,0
1955-06,,,,,,,,,,,,,,,,,,,,,,,,,,,,,,,,,,,,,1.64,,,,,,,,,,,,,,,,,,,,0
1955-07,,,,,,,,,,,,,,,,,,,,,,,,,,,,,,,,,,,,,,,,,,,,,,,,,,,,,,,,,0
1955-08,,,,,,,,,,,,,,,,,,,,,,,,,,,,,,,,,,,,,,,,,,,,,,,,,,,,,,,,,0
1955-09,,,,,,,,,,,,,,,,,,,,,,,,,,,,,,,,,,,,,2.18,,,,,,,,,,,,,,,,,,,,0
1955-10,,,,,,,,,,,,,,,,,,,,,,,,,,,,,,,,,,,,,,,,,,,,,,,,,,,,,,,,,0
1955-11,,,,,,,,,,,,,,,,,,,,,,,,,,,,,,,,,,,,,,,,,,,,,,,,,,,,,,,,,0
1955-12,,,,,,,,,,,,,,,,,,,,,,,,,,,,,,,,,,,,,2.48,,,,,,,,,,,,,,,,,,,,0
1956-01,,,,,,,,,,,,,,,,,,,,,,,,,,,,,,,,,,,,,,,,,,,,,,,,,,,,,,,,,0
1956-02,,,,,,,,,,,,,,,,,,,,,,,,,,,,,,,,,,,,,,,,,,,,,,,,,,,,,,,,,0
1956-03,,,,,,,,,,,,,,,,,,,,,,,,,,,,,,,,,,,,,2.5,,,,,,,,,,,,,,,,,,,,0
1956-04,,,,,,,,,,,,,,,,,,,,,,,,,,,,,,,,,,,,,,,,,,,,,,,,,,,,,,,,,0
1956-05,,,,,,,,,,,,,,,,,,,,,,,,,,,,,,,,,,,,,,,,,,,,,,,,,,,,,,,,,0
1956-06,,,,,,,,,,,,,,,,,,,,,,,,,,,,,,,,,,,,,2.71,,,,,,,,,,,,,,,,,,,,0
1956-07,,,,,,,,,,,,,,,,,,,,,,,,,,,,,,,,,,,,,,,,,,,,,,,,,,,,,,,,,0
1956-08,,,,,,,,,,,,,,,,,,,,,,,,,,,,,,,,,,,,,,,,,,,,,,,,,,,,,,,,,0
1956-09,,,,,,,,,,,,,,,,,,,,,,,,,,,,,,,,,,,,,2.95,,,,,,,,,,,,,,,,,,,,0
1956-10,,,,,,,,,,,,,,,,,,,,,,,,,,,,,,,,,,,,,,,,,,,,,,,,,,,,,,,,,0
1956-11,,,,,,,,,,,,,,,,,,,,,,,,,,,,,,,,,,,,,,,,,,,,,,,,,,,,,,,,,0
1956-12,,,,,,,,,,,,,,,,,,,,,,,,,,,,,,,,,,,,,2.94,,,,,,,,,,,,,,,,,,,,0
1957-01,,,,,,,,,,,,,,,,,,,,,,,,,,,,,,,,,,,,,,,,,,,,,,,,,,,,,,,,,0
1957-02,,,,,,,,,,,,,,,,,,,,,,,,,,,,,,,,,,,,,,,,,,,,,,,,,,,,,,,,,0
1957-03,,,,,,,,,,,,,,,,,,,,,,,,,,,,,,,,,,,,,2.96,,,,,,,,,,,,,,,,,,,,0
1957-04,,,,,,,,,,,,,,,,,,,,,,,,,,,,,,,,,,,,,,,,,,,,,,,,,,,,,,,,,0
1957-05,,,,,,,,,,,,,,,,,,,,,,,,,,,,,,,,,,,,,,,,,,,,,,,,,,,,,,,,,0
1957-06,,,,,,,,,,,,,,,,,,,,,,,,,,,,,,,,,,,,,3.0,,,,,,,,,,,,,,,,,,,,0
1957-07,,,,,,,,,,,,,,,,,,,,,,,,,,,,,,,,,,,,,,,,,,,,,,,,,,,,,,,,,0
1957-08,,,,,,,,,,,,,,,,,,,,,,,,,,,,,,,,,,,,,,,,,,,,,,,,,,,,,,,,,1
1957-09,,,,,,,,,,,,,,,,,,,,,,,,,,,,,,,,,,,,,3.47,,,,,,,,,,,,,,,,,,,,1
1957-10,,,,,,,,,,,,,,,,,,,,,,,,,,,,,,,,,,,,,,,,,,,,,,,,,,,,,,,,,1
1957-11,,,,,,,,,,,,,,,,,,,,,,,,,,,,,,,,,,,,,,,,,,,,,,,,,,,,,,,,,1
1957-12,,,,,,,,,,,,,,,,,,,,,,,,,,,,,,,,,,,,,2.98,,,,,,,,,,,,,,,,,,,,1
1958-01,,,,,,,,,,,,,,,,,,,,,,,,,,,,,,,,,,,,,,,,,,,,,,,,,,,,,,,,,1
1958-02,,,,,,,,,,,,,,,,,,,,,,,,,,,,,,,,,,,,,,,,,,,,,,,,,,,,,,,,,1
1958-03,,,,,,,,,,,,,,,,,,,,,,,,,,,,,,,,,,,,,1.2,,,,,,,,,,,,,,,,,,,,1
1958-04,,,,,,,,,,,,,,,,,,,,,,,,,,,,,,,,,,,,,,,,,,,,,,,,,,,,,,,,,1
1958-05,,,,,,,,,,,,,,,,,,,,,,,,,,,,,,,,,,,,,,,,,,,,,,,,,,,,,,,,,0
1958-06,,,,,,,,,,,,,,,,,,,,,,,,,,,,,,,,,,,,,0.93,,,,,,,,,,,,,,,,,,,,0
1958-07,,,,,,,,,,,,,,,,,,,,,,,,,,,,,,,,,,,,,,,,,,,,,,,,,,,,,,,,,0
1958-08,,,,,,,,,,,,,,,,,,,,,,,,,,,,,,,,,,,,,,,,,,,,,,,,,,,,,,,,,0
1958-09,,,,,,,,,,,,,,,,,,,,,,,,,,,,,,,,,,,,,1.76,,,,,,,,,,,,,,,,,,,,0
1958-10,,,,,,,,,,,,,,,,,,,,,,,,,,,,,,,,,,,,,,,,,,,,,,,,,,,,,,,,,0
1958-11,,,,,,,,,,,,,,,,,,,,,,,,,,,,,,,,,,,,,,,,,,,,,,,,,,,,,,,,,0
1958-12,,,,,,,,,,,,,,,,,,,,,,,,,,,,,,,,,,,,,2.42,,,,,,,,,,,,,,,,,,,,0
1959-01,,,,,,,,,,,,,,,,,,,,,,,,,,,,,,,,,,,,,,,,,,,,,,,,,,,,,,,,,0
1959-02,,,,,,,,,,,,,,,,,,,,,,,,,,,,,,,,,,,,,,,,,,,,,,,,,,,,,,,,,0
1959-03,,,,,,,,,,,,,,,,,,,,,,,,,,,,,,,,,,,,,2.8,,,,,,,,,,,,,,,,,,,,0
1959-04,,,,,,,,,,,,,,,,,,,,,,,,,,,,,,,,,,,,,,,,,,,,,,,,,,,,,,,,,0
1959-05,,,,,,,,,,,,,,,,,,,,,,,,,,,,,,,,,,,,,,,,,,,,,,,,,,,,,,,,,0
1959-06,,,,,,,,,,,,,,,,,,,,,,,,,,,,,,,,,,,,,3.39,,,,,,,,,,,,,,,,,,,,0
1959-07,,,,,,,,,,,,,,,,,,,,,,,,,,,,,,,,,,,,,,,,,,,,,,,,,,,,,,,,,0
1959-08,,,,,,,,,,,,,,,,,,,,,,,,,,,,,,,,,,,,,,,,,,,,,,,,,,,,,,,,,0
1959-09,,,,,,,,,,,,,,,,,,,,,,,,,,,,,,,,,,,,,3.76,,,,,,,,,,,,,,,,,,,,0
1959-10,,,,,,,,,,,,,,,,,,,,,,,,,,,,,,,,,,,,,,,,,,,,,,,,,,,,,,,,,0
1959-11,,,,,,,,,,,,,,,,,,,,,,,,,,,,,,,,,,,,,,,,,,,,,,,,,,,,,,,,,0
1959-12,,,,,,,,,,,,,,,,,,,,,,,,,,,,,,,,,,,,,3.99,,,,,,,,,,,,,,,,,,,,0
1960-01,,,,,,,,,,,,,,,,,,,,,,,,,,,,,,,,,,,,,,,,,,,,,,,,,,,,,,,,,0
1960-02,,,,,,,,,,,,,,,,,,,,,,,,,,,,,,,,,,,,,,,,,,,,,,,,,,,,,,,,,0
1960-03,,,,,,,,,,,,,,,,,,,,,,,,,,,,,,,,,,,,,3.84,,,,,,,,,,,,,,,,,,,,0
1960-04,,,,,,,,,,,,,,,,,,,,,,,,,,,,,,,,,,,,,,,,,,,,,,,,,,,,,,,,,1
1960-05,,,,,,,,,,,,,,,,,,,,,,,,,,,,,,,,,,,,,,,,,,,,,,,,,,,,,,,,,1
1960-06,,,,,,,,,,,,,,,,,,,,,,,,,,,,,,,,,,,,,3.32,,,,,,,,,,,,,,,,,,,,1
1960-07,,,,,,,,,,,,,,,,,,,,,,,,,,,,,,,,,,,,,,,,,,,,,,,,,,,,,,,,,1
1960-08,,,,,,,,,,,,,,,,,,,,,,,,,,,,,,,,,,,,,,,,,,,,,,,,,,,,,,,,,1
1960-09,,,,,,,,,,,,,,,,,,,,,,,,,,,,,,,,,,,,,2.6,,,,,,,,,,,,,,,,,,,,1
1960-10,,,,,,,,,,,,,,,,,,,,,,,,,,,,,,,,,,,,,,,,,,,,,,,,,,,,,,,,,1
1960-11,,,,,,,,,,,,,,,,,,,,,,,,,,,,,,,,,,,,,,,,,,,,,,,,,,,,,,,,,1
1960-12,,,,,,,,,,,,,,,,,,,,,,,,,,,,,,,,,,,,,1.98,,,,,,,,,,,,,,,,,,,,1
1961-01,,,,,,,,,,,,,,,,,,,,,,,,,,,,,,,,,,,,,,,,,,,,,,,,,,,,,,,,,1
1961-02,,,,,,,,,,,,,,,,,,,,,,,,,,,,,,,,,,,,,,,,,,,,,,,,,,,,,,,,,1
1961-03,,,,,,,,,,,,,,,,,,,,,,,,,,,,,,,,,,,,,2.02,,,,,,,,,,,,,,,,,,,,0
1961-04,,,,,,,,,,,,,,,,,,,,,,,,,,,,,,,,,,,,,,,,,,,,,,,,,,,,,,,,,0
1961-05,,,,,,,,,,,,,,,,,,,,,,,,,,,,,,,,,,,,,,,,,,,,,,,,,,,,,,,,,0
1961-06,,,,,,,,,,,,,,,,,,,,,,,,,,,,,,,,,,,,,1.73,,,,,,,,,,,,,,,,,,,,0
1961-07,,,,,,,,,,,,,,,,,,,,,,,,,,,,,,,,,,,,,,,,,,,,,,,,,,,,,,,,,0
1961-08,,,,,,,,,,,,,,,,,,,,,,,,,,,,,,,,,,,,,,,,,,,,,,,,,,,,,,,,,0
1961-09,,,,,,,,,,,,,,,,,,,,,,,,,,,,,,,,,,,,,1.88,,,,,,,,,,,,,,,,,,,,0
1961-10,,,,,,,,,,,,,,,,,,,,,,,,,,,,,,,,,,,,,,,,,,,,,,,,,,,,,,,,,0
1961-11,,,,,,,,,,,,,,,,,,,,,,,,,,,,,,,,,,,,,,,,,,,,,,,,,,,,,,,,,0
1961-12,,,,,,,,,,,,,,,,,,,,,,,,,,,,,,,,,,,,,2.33,,,,,,,,,,,,,,,,,,,,0
1962-01,,,,,,,,,,,,,,,,,,,,,,,,,,,,,,,,,,,,,,,,,,,,,,,,,,,,,,,,,0
1962-02,,,,,,,,,,,,,,,,,,,,,,,,,,,,,,,,,,,,,,,,,,,,,,,,,,,,,,,,,0
1962-03,,,,,,,,,,,,,,,,,,,,,,,,,,,,,,,,,,,,,2.85,,,,,,,,,,,,,,,,,,,,0
1962-04,,,,,,,,,,,,,,,,,,,,,,,,,,,,,,,,,,,,,,,,,,,,,,,,,,,,,,,,,0
1962-05,,,,,,,,,,,,,,,,,,,,,,,,,,,,,,,,,,,,,,,,,,,,,,,,,,,,,,,,,0
1962-06,,,,,,,,,,,,,,,,,,,,,,,,,,,,,,,,,,,,,2.68,,,,,,,,,,,,,,,,,,,,0
1962-07,,,,,,,,,,,,,,,,,,,,,,,,,,,,,,,,,,,,,,,,,,,,,,,,,,,,,,,,,0
1962-08,,,,,,,,,,,,,,,,,,,,,,,,,,,,,,,,,,,,,,,,,,,,,,,,,,,,,,,,,0
1962-09,,,,,,,,,,,,,,,,,,,,,,,,,,,,,,,,,,,,,2.9,,,,,,,,,,,,,,,,,,,,0
1962-10,,,,,,,,,,,,,,,,,,,,,,,,,,,,,,,,,,,,,,,,,,,,,,,,,,,,,,,,,0
1962-11,,,,,,,,,,,,,,,,,,,,,,,,,,,,,,,,,,,,,,,,,,,,,,,,,,,,,,,,,0
1962-12,,,,,,,,,,,,,,,,,,,,,,,,,,,,,,,,,,,,,2.93,,,,,,,,,,,,,,,,,,,,0
1963-01,,,,,,,,,,,,,,,,,,,,,,,,,,,,,,,,,,,,,,,,,,,,,,,,,,,,,,,,,0
1963-02,,,,,,,,,,,,,,,,,,,,,,,,,,,,,,,,,,,,,,,,,,,,,,,,,,,,,,,,,0
1963-03,,,,,,,,,,,,,,,,,,,,,,,,,,,,,,,,,,,,,2.98,,,,,,,,,,,,,,,,,,,,0
1963-04,,,,,,,,,,,,,,,,,,,,,,,,,,,,,,,,,,,,,,,,,,,,,,,,,,,,,,,,,0
1963-05,,,,,,,,,,,,,,,,,,,,,,,,,,,,,,,,,,,,,,,,,,,,,,,,,,,,,,,,,0
1963-06,,,,,,,,,,,,,,,,,,,,,,,,,,,,,,,,,,,,,2.99,,,,,,,,,,,,,,,,,,,,0
1963-07,,,,,,,,,,,,,,,,,,,,,,,,,,,,,,,,,,,,,,,,,,,,,,,,,,,,,,,,,0
1963-08,,,,,,,,,,,,,,,,,,,,,,,,,,,,,,,,,,,,,,,,,,,,,,,,,,,,,,,,,0
1963-09,,,,,,,,,,,,,,,,,,,,,,,,,,,,,,,,,,,,,3.48,,,,,,,,,,,,,,,,,,,,0
1963-10,,,,,,,,,,,,,,,,,,,,,,,,,,,,,,,,,,,,,,,,,,,,,,,,,,,,,,,,,0
1963-11,,,,,,,,,,,,,,,,,,,,,,,,,,,,,,,,,,,,,,,,,,,,,,,,,,,,,,,,,0
1963-12,,,,,,,,,,,,,,,,,,,,,,,,,,,,,,,,,,,,,3.38,,,,,,,,,,,,,,,,,,,,0
1964-01,,,,,,,,,,,,,,,,,,,,,,,,,,,,,,,,,,,,,,,,,,,,,,,,,,,,,,,,,0
1964-02,,,,,,,,,,,,,,,,,,,,,,,,,,,,,,,,,,,,,,,,,,,,,,,,,,,,,,,,,0
1964-03,,,,,,,,,,,,,,,,,,,,,,,,,,,,,,,,,,,,,3.43,,,,,,,,,,,,,,,,,,,,0
1964-04,,,,,,,,,,,,,,,,,,,,,,,,,,,,,,,,,,,,,,,,,,,,,,,,,,,,,,,,,0
1964-05,,,,,,,,,,,,,,,,,,,,,,,,,,,,,,,,,,,,,,,,,,,,,,,,,,,,,,,,,0
1964-06,,,,,,,,,,,,,,,,,,,,,,,,,,,,,,,,,,,,,3.5,,,,,,,,,,,,,,,,,,,,0
1964-07,,,,,,,,,,,,,,,,,,,,,,,,,,,,,,,,,,,,,,,,,,,,,,,,,,,,,,,,,0
1964-08,,,,,,,,,,,,,,,,,,,,,,,,,,,,,,,,,,,,,,,,,,,,,,,,,,,,,,,,,0
1964-09,,,,,,,,,,,,,,,,,,,,,,,,,,,,,,,,,,,,,3.45,,,,,,,,,,,,,,,,,,,,0
1964-10,,,,,,,,,,,,,,,,,,,,,,,,,,,,,,,,,,,,,,,,,,,,,,,,,,,,,,,,,0
1964-11,,,,,,,,,,,,,,,,,,,,,,,,,,,,,,,,,,,,,,,,,,,,,,,,,,,,,,,,,0
1964-12,,,,,,,,,,,,,,,,,,,,,,,,,,,,,,,,,,,,,3.85,,,,,,,,,,,,,,,,,,,,0
1965-01,,,,,,,,,,,,,,,,,,,,,,,,,,,,,,,,,,,,,,,,,,,,,,,,,,,,,,,,,0
1965-02,,,,,,,,,,,,,,,,,,,,,,,,,,,,,,,,,,,,,,,,,,,,,,,,,,,,,,,,,0
1965-03,,,,,,,,,,,,,,,,,,,,,,,,,,,,,,,,,,,,,4.05,,,,,,,,,,,,,,,,,,,,0
1965-04,,,,,,,,,,,,,,,,,,,,,,,,,,,,,,,,,,,,,,,,,,,,,,,,,,,,,,,,,0
1965-05,,,,,,,,,,,,,,,,,,,,,,,,,,,,,,,,,,,,,,,,,,,,,,,,,,,,,,,,,0
1965-06,,,,,,,,,,,,,,,,,,,,,,,,,,,,,,,,,,,,,4.05,,,,,,,,,,,,,,,,,,,,0
1965-07,,,,,,,,,,,,,,,,,,,,,,,,,,,,,,,,,,,,,,,,,,,,,,,,,,,,,,,,,0
1965-08,,,,,,,,,,,,,,,,,,,,,,,,,,,,,,,,,,,,,,,,,,,,,,,,,,,,,,,,,0
1965-09,,,,,,,,,,,,,,,,,,,,,,,,,,,,,,,,,,,,,4.02,,,,,,,,,,,,,,,,,,,,0
1965-10,,,,,,,,,,,,,,,,,,,,,,,,,,,,,,,,,,,,,,,,,,,,,,,,,,,,,,,,,0
1965-11,,,,,,,,,,,,,,,,,,,,,,,,,,,,,,,,,,,,,,,,,,,,,,,,,,,,,,,,,0
1965-12,,,,,,,,,,,,,,,,,,,,,,,,,,,,,,,,,,,,,4.32,,,,,,,,,,,,,,,,,,,,0
1966-01,,,,,,,,,,,,,,,,,,,,,,,,,,,,,,,,,,,,,,,,,,,,,,,,,,,,,,,,,0
1966-02,,,,,,,,,,,,,,,,,,,,,,,,,,,,,,,,,,,,,,,,,,,,,,,,,,,,,,,,,0
1966-03,,,,,,,,,,,,,,,,,,,,,,,,,,,,,,,,,,,,,4.66,,,,,,,,,,,,,,,,,,,,0
1966-04,,,,,,,,,,,,,,,,,,,,,,,,,,,,,,,,,,,,,,,,,,,,,,,,,,,,,,,,,0
1966-05,,,,,,,,,,,,,,,,,,,,,,,,,,,,,,,,,,,,,,,,,,,,,,,,,,,,,,,,,0
1966-06,,,,,,,,,,,,,,,,,,,,,,,,,,,,,,,,,,,,,5.17,,,,,,,,,,,,,,,,,,,,0
1966-07,,,,,,,,,,,,,,,,,,,,,,,,,,,,,,,,,,,,,,,,,,,,,,,,,,,,,,,,,0
1966-08,,,,,,,,,,,,,,,,,,,,,,,,,,,,,,,,,,,,,,,,,,,,,,,,,,,,,,,,,0
1966-09,,,,,,,,,,,,,,,,,,,,,,,,,,,,,,,,,,,,,5.4,,,,,,,,,,,,,,,,,,,,0
1966-10,,,,,,,,,,,,,,,,,,,,,,,,,,,,,,,,,,,,,,,,,,,,,,,,,,,,,,,,,0
1966-11,,,,,,,,,,,,,,,,,,,,,,,,,,,,,,,,,,,,,,,,,,,,,,,,,,,,,,,,,0
1966-12,,,,,,,,,,,,,,,,,,,,,,,,,,,,,,,,,,,,,5.4,,,,,,,,,,,,,,,,,,,,0
1967-01,,,,,,,,,,,,,,,,,,,,,,,,,,,,,,,,,,,,,,,,,,,,,,,,,,,,,,,,,0
1967-02,,,,,,,,,,,,,,,,,,,,,,,,,,,,,,,,,,,,,,,,,,,,,,,,,,,,,,,,,0
1967-03,,,,,,,,,,,,,,,,,,,,,,,,,,,,,,,,,,,,,4.53,,,,,,,,,,,,,,,,,,,,0
1967-04,,,,,,,,,,,,,,,,,,,,,,,,,,,,,,,,,,,,,,,,,,,,,,,,,,,,,,,,,0
1967-05,,,,,,,,,,,,,,,,,,,,,,,,,,,,,,,,,,,,,,,,,,,,,,,,,,,,,,,,,0
1967-06,,,,,,,,,,,,,,,,,,,,,,,,,,,,,,,,,,,,,3.98,,,,,,,,,,,,,,,,,,,,0
1967-07,,,,,,,,,,,,,,,,,,,,,,,,,,,,,,,,,,,,,,,,,,,,,,,,,,,,,,,,,0
1967-08,,,,,,,,,,,,,,,,,,,,,,,,,,,,,,,,,,,,,,,,,,,,,,,,,,,,,,,,,0
1967-09,,,,,,,,,,,,,,,,,,,,,,,,,,,,,,,,,,,,,3.99,,,,,,,,,,,,,,,,,,,,0
1967-10,,,,,,,,,,,,,,,,,,,,,,,,,,,,,,,,,,,,,,,,,,,,,,,,,,,,,,,,,0
1967-11,,,,,,,,,,,,,,,,,,,,,,,,,,,,,,,,,,,,,,,,,,,,,,,,,,,,,,,,,0
1967-12,,,,,,,,,,,,,,,,,,,,,,,,,,,,,,,,,,,,,4.51,,,,,,,,,,,,,,,,,,,,0
1968-01,,,,,,,,,,,,,,,,,,,,,,,,,,,,,,,,,,,,,,,,,,,,,,,,,,,,,,,,,0
1968-02,,,,,,,,,,,,,,,,,,,,,,,,,,,,,,,,,,,,,,,,,,,,,,,,,,,,,,,,,0
1968-03,,,,,,,,,,,,,,,,,,,,,,,,,,,,,,,,,,,,,5.05,,,,,,,,,,,,,,,,,,,,0
1968-04,,,,,,,,,,,,,,,,,,,,,,,,,,,,,,,,,,,,,,,,,,,,,,,,,,,,,,,,,0
1968-05,,,,,,,,,,,,,,,,,,,,,,,,,,,,,,,,,,,,,,,,,,,,,,,,,,,,,,,,,0
1968-06,,,,,,,,,,,,,,,,,,,,,,,,,,,,,,,,,,,,,6.07,,,,,,,,,,,,,,,,,,,,0
1968-07,,,,,,,,,,,,,,,,,,,,,,,,,,,,,,,,,,,,,,,,,,,,,,,,,,,,,,,,,0
1968-08,,,,,,,,,,,,,,,,,,,,,,,,,,,,,,,,,,,,,,,,,,,,,,,,,,,,,,,,,0
1968-09,,,,,,,,,,,,,,,,,,,,,,,,,,,,,,,,,,,,,5.78,,,,,,,,,,,,,,,,,,,,0
1968-10,,,,,,,,,,,,,,,,,,,,,,,,,,,,,,,,,,,,,,,,,,,,,,,,,,,,,,,,,0
1968-11,,,,,,,,,,,,,,,,,,,,,,,,,,,,,,,,,,,,,,,,,,,,,,,,,,,,,,,,,0
1968-12,,,,,,,,,,,,,,,,,,,,,,,,,,,,,,,,,,,,,6.02,,,,,,,,,,,,,,,,,,,,0
1969-01,,,,,,,,,,,,,,,,,,,,,,,,,,,,,,,,,,,,,,,,,,,,,,,,,,,,,,,,,0
1969-02,,,,,,,,,,,,,,,,,,,,,,,,,,,,,,,,,,,,,,,,,,,,,,,,,,,,,,,,,0
1969-03,,,,,,,,,,,,,,,,,,,,,,,,,,,,,,,,,,,,,6.79,,,,,,,,,,,,,,,,,,,,0
1969-04,,,,,,,,,,,,,,,,,,,,,,,,,,,,,,,,,,,,,,,,,,,,,,,,,,,,,,,,,0
1969-05,,,,,,,,,,,,,,,,,,,,,,,,,,,,,,,,,,,,,,,,,,,,,,,,,,,,,,,,,0
1969-06,,,,,,,,,,,,,,,,,,,,,,,,,,,,,,,,,,,,,8.9,,,,,,,,,,,,,,,,,,,,0
1969-07,,,,,,,,,,,,,,,,,,,,,,,,,,,,,,,,,,,,,,,,,,,,,,,,,,,,,,,,,0
1969-08,,,,,,,,,,,,,,,,,,,,,,,,,,,,,,,,,,,,,,,,,,,,,,,,,,,,,,,,,0
1969-09,,,,,,,,,,,,,,,,,,,,,,,,,,,,,,,,,,,,,9.15,,,,,,,,,,,,,,,,,,,,0
1969-10,,,,,,,,,,,,,,,,,,,,,,,,,,,,,,,,,,,,,,,,,,,,,,,,,,,,,,,,,0
1969-11,,,,,,,,,,,,,,,,,,,,,,,,,,,,,,,,,,,,,,,,,,,,,,,,,,,,,,,,,0
1969-12,,,,,,,,,,,,,,,,,,,,,,,,,,,,,,,,,,,,,8.97,,,,,,,,,,,,,,,,,,,,1
1970-01,,,,,3.9,-65.0,,251.3,6.1,6.2,4.70005,,-0.68,83.6586,,48.7,,-1.33,-13.1,,,45.2,-3.2,1062.0,,,,,9.1,,,,,85.02,94.25,,,,,,,,,,,,,,,,,,,,,1062.0,1
1970-02,,,,,4.2,129.0,,258.5,6.1,6.1,4.74111,,-1.37,83.3422,,47.4,,-0.15,-18.1,,,43.0,-4.3,1118.0,,,,,9.1,,,101.7,,89.5,96.98,,,,,,,,,,,,,,,,,,,,,1118.0,1
1970-03,-0.6,0.3,5.8,5.6,4.4,146.0,,268.3,6.3,6.1,4.64141,,-2.27,82.9743,,46.9,,-0.57,-31.2,,,41.4,-5.0,1132.0,,,,,8.7,,,,,89.63,97.07,,7.76,35.09,,,,,,,,,,,,,,,,,,1132.0,1
1970-04,,,,,4.6,-103.0,,340.5,6.0,5.8,4.65464,,-2.16,82.5037,,45.0,,-0.69,-16.9,,,38.9,-6.5,1224.0,,,,,9.6,,,98.0,,81.52,87.8,,,35.62,,,,,,,,,,,,,,,,,,1224.0,1
1970-05,,,,,4.8,-224.0,,304.5,6.0,6.0,4.60519,,-1.9,82.152,,47.2,,-0.32,-21.5,,,34.9,-5.9,1328.0,,,,,8.5,,,,,76.55,82.06,,,35.95,,,,,,,,,,,,,,,,,,1328.0,1
1970-06,0.6,0.2,5.8,5.9,4.9,-95.0,,296.5,5.9,6.5,4.62011,,-3.16,81.6333,,51.1,,-0.27,-8.4,,,43.3,-5.4,1322.0,,,,,8.2,,,88.1,,72.72,79.84,,7.61,35.44,,,,,,,,,,,,,,,,,,1322.0,1
1970-07,,,,,5.0,24.0,,282.5,5.9,6.2,4.53249,,-3.44,81.5815,,49.5,,-0.01,7.0,,,46.1,-4.8,1324.0,,,,,8.2,,,,,78.05,84.59,,,35.32,,,,,,,,,,,,,,,,,,1324.0,1
1970-08,,,,,5.1,-116.0,,291.5,5.9,6.2,4.60109,,-3.83,81.1858,,47.3,,-0.56,6.9,,,45.8,-4.3,1394.0,,,,,7.7,,,91.0,,81.52,87.17,,,35.38,,,,,,,,,,,,,,,,,,1394.0,1
1970-09,3.7,0.4,5.4,3.3,5.4,7.0,,325.0,5.8,6.2,4.61811,,-4.47,80.3792,,44.1,,-0.63,14.0,,,41.2,-4.6,1426.0,,,,,7.4,,,,,84.21,89.79,,6.29,36.19,,,,,,,,,,,,,,,,,,1426.0,1
1970-10,,,,,5.5,-423.0,,329.5,5.5,6.4,4.68396,,-6.41,78.5307,,42.4,,-1.76,3.7,,,35.7,-3.9,1564.0,,,,,7.0,,,83.2,,83.25,88.26,,,37.52,,,,,,,,,,,,,,,,,,1564.0,1
1970-11,,,,,5.9,-112.0,,325.3,5.5,6.6,4.82164,,-6.09,77.8174,,39.7,,-1.02,6.4,,,38.1,-3.5,1502.0,,,,,6.8,,,,,87.2,90.03,,,37.44,,,,,,,,,,,,,,,,,,1502.0,1
1970-12,-4.2,-0.2,4.9,5.3,6.1,383.0,,304.8,6.1,6.6,4.95876,,-3.68,79.3628,,45.4,,1.61,10.2,,,37.3,-1.6,1767.0,,,,,6.9,,,75.7,,92.15,94.29,,4.9,37.44,,,,,,,,,,,,,,,,,,1767.0,0
1971-01,,,,,5.9,73.0,,297.8,6.3,6.3,5.02716,,-1.1,79.7501,,47.9,,0.55,28.9,,,41.3,0.0,1643.0,,,,,7.5,,,,,95.88,98.42,,,37.87,,,,,,,,,,,,,,,,,,1643.0,0
1971-02,,,,,5.9,-58.0,,284.0,6.3,5.8,5.02283,,-1.23,79.3958,,54.8,,0.0,39.0,,,47.2,1.9,1588.0,,,,,7.3,,,77.4,,96.75,99.25,101.34,,38.74,,,,,,,,,,,,,,,,,,1588.0,0
1971-03,11.3,2.7,8.0,6.2,6.0,53.0,,293.8,6.3,5.2,4.96959,,-1.21,79.1084,,51.2,,-0.06,33.3,,,47.4,3.1,1759.0,,,,,7.3,,,,,100.31,103.41,105.07,3.71,38.87,,,,,,,,,,,,,,,,,,1759.0,0
1971-04,,,,,5.9,176.0,,285.3,6.3,5.0,4.94508,,-0.4,79.3512,,54.5,,0.45,37.4,,,49.4,4.6,1745.0,,,,,6.4,,,75.2,,103.95,106.59,112.3,,39.01,,,,,,,,,,,,,,,,,,1745.0,0
1971-05,,,,,5.9,211.0,,292.8,6.5,5.2,5.03067,,0.23,79.5523,,54.2,,0.42,39.2,,,50.6,5.5,1972.0,,,,,7.5,,,,,99.63,103.86,108.25,,40.52,,,,,,,,,,,,,,,,,,1972.0,0
1971-06,2.2,3.1,8.3,5.5,5.9,7.0,,290.5,6.8,4.9,5.0714,,0.97,79.6846,,53.8,,0.39,31.3,,,48.0,5.5,1903.0,,,,,9.4,,,82.3,,99.7,104.71,106.56,4.91,40.1,,,,,,,,,,,,,,,,,,1903.0,0
1971-07,,,,,6.0,61.0,,297.3,6.5,4.9,5.07162,,0.43,79.2535,,54.4,,-0.14,25.5,,,49.6,5.7,2069.0,,,,,7.4,,,,,95.58,102.84,105.27,,40.95,,,,,,,,,,,,,,,,,,2069.0,0
1971-08,,,,,6.1,58.0,,325.3,6.7,4.6,4.85508,,0.03,78.5958,,53.6,,-0.06,22.8,,,50.1,5.7,2004.0,,,,,7.5,,,82.1,,99.03,104.88,109.3,,42.73,,,,,,,,,,,,,,,,,,2004.0,0
1971-09,3.3,3.0,8.4,4.1,6.0,241.0,,305.3,6.4,4.4,4.59314,,2.36,79.6734,,55.1,,0.99,35.9,,,53.9,6.2,1996.0,,,,,7.9,,,,,98.34,103.68,108.88,5.55,42.02,,,,,,,,,,,,,,,,,,1996.0,0
1971-10,,,,,5.8,28.0,,297.3,6.4,3.8,4.24344,,5.23,80.0694,,55.0,,0.42,39.3,,,55.9,6.9,2026.0,,,,,8.2,,,80.3,,94.23,99.54,105.1,,42.5,,,,,,,,,,,,,,,,,,2026.0,0
1971-11,,,,,6.0,205.0,,287.0,6.3,3.3,3.94409,,6.32,80.209,,52.3,,0.64,32.1,,,57.3,7.4,2079.0,,,,,8.7,,,,,93.99,100.18,101.64,,42.86,,,,,,,,,,,,,,,,,,2079.0,0
1971-12,0.9,4.4,9.3,3.4,6.0,262.0,,268.0,6.6,3.1,3.74816,,5.14,80.9333,,57.6,,0.83,30.4,,,59.4,7.1,2133.0,,,,,8.8,,,85.0,,102.09,108.99,114.12,4.14,43.48,,,,,,,,,,,,,,,,,,2133.0,0
1972-01,,,,,5.8,332.0,,269.3,8.0,3.1,3.78084,,6.83,82.6639,,59.6,,1.4,34.2,,,59.6,7.5,2238.0,,,,,8.6,,,,,103.94,112.77,118.44,,45.75,,,,,,,,,,,,,,,,,,2238.0,0
1972-02,,,,,5.7,207.0,,263.5,7.9,3.3,3.6673,,8.14,83.2993,,60.6,,0.38,30.9,,,59.4,7.9,2169.0,,,,,9.4,,,93.6,,106.57,116.89,124.83,,48.26,,,,,,,,,,,,,,,,,,2169.0,0
1972-03,7.6,3.5,8.4,6.6,5.8,296.0,,263.0,7.9,3.3,3.53778,,9.01,83.6895,,59.8,,1.03,39.5,,,63.0,7.8,2105.0,,,,,9.5,,,,,107.2,118.3,128.14,3.83,48.33,,,,,,,,,,,,,,,,,,2105.0,0
1972-04,,,,,5.7,218.0,,264.3,8.1,3.3,3.39326,,9.48,84.3131,,59.3,,0.73,28.2,,,62.2,8.0,2139.0,,,,,9.1,,,95.1,,107.67,119.65,131.33,,49.03,,,,,,,,,,,,,,,,,,2139.0,0
1972-05,,,,,5.7,307.0,,267.8,7.5,3.1,3.18224,,8.95,84.1119,,61.4,,0.5,35.8,,,64.1,7.5,2067.0,,,,,8.9,,,,,109.53,121.88,133.95,,54.62,,,,,,,,,,,,,,,,,,2067.0,0
1972-06,9.4,5.2,9.5,2.5,5.7,289.0,,294.8,7.2,2.8,2.98347,,8.75,84.1181,,58.6,,0.5,34.1,,,62.8,8.4,2183.0,,,,,6.9,,,98.9,,107.14,118.84,130.08,4.46,62.09,,,,,,,,,,,,,,,,,,2183.0,0
1972-07,,,,,5.6,-49.0,,284.5,7.4,2.8,2.88403,,8.96,83.822,,60.1,,-0.05,33.1,,,67.4,8.6,2195.0,,,,,9.0,,,,,107.39,120.47,128.15,,65.67,,,,,,,,,,,,,,,,,,2195.0,0
1972-08,,,,,5.6,432.0,,255.5,7.1,3.3,2.95874,,11.1,84.7529,,61.7,,1.47,35.2,,,65.4,9.7,2263.0,,,,,9.6,,,104.1,,111.09,123.68,130.31,,67.03,,,,,,,,,,,,,,,,,,2263.0,0
1972-09,3.8,5.4,9.6,3.7,5.5,123.0,,255.8,7.4,2.8,3.12948,,10.17,85.165,,65.1,,0.87,32.9,,,69.9,10.6,2393.0,,,,,9.7,,,,,110.55,121.59,129.61,4.87,65.47,,,,,,,,,,,,,,,,,,2393.0,0
1972-10,,,,,5.6,410.0,,251.0,7.9,3.0,3.02765,,10.73,86.0135,,67.0,,1.35,39.2,,,71.7,10.7,2354.0,,,,,11.9,,,112.0,,111.58,122.38,129.53,,64.86,,,,,,,,,,,,,,,,,,2354.0,0
1972-11,,,,,5.3,299.0,,243.5,7.9,3.0,3.06686,,11.57,86.7659,,69.9,,1.28,47.2,,,75.0,11.3,2234.0,,,,,12.6,,,,,116.67,128.59,133.02,,62.91,,,,,,,,,,,,,,,,,,2234.0,0
1972-12,6.9,6.9,11.6,4.6,5.2,295.0,,246.5,7.5,3.0,3.05269,,11.54,87.4686,,70.5,,1.2,49.1,,,73.6,11.2,2419.0,,,,,12.3,,,116.1,,118.05,130.74,133.73,5.33,63.91,,,,,,,,,,,,,,,,,,2419.0,0
1973-01,,,,,4.9,349.0,,228.5,6.1,2.8,2.67861,,9.73,87.8281,,72.1,,1.06,47.8,,,77.8,10.9,2271.0,,,,,11.2,,,,,116.03,130.82,129.76,,65.14,,,,,,,,,,,,,,,,,,2271.0,0
1973-02,,,,,5.0,397.0,,221.3,5.8,2.8,2.72611,,10.17,88.8164,,69.6,,1.23,40.5,,,77.0,9.9,2226.0,,,,,10.9,,,110.8,,111.68,131.51,122.34,,74.2,,,,,,,,,,,,,,,,,,2226.0,0
1973-03,10.3,7.6,11.9,5.2,4.9,270.0,,227.8,5.7,3.0,2.93917,,9.44,88.5532,,69.6,,0.45,58.5,,,75.0,9.0,2062.0,,,,,10.9,,,,,111.52,131.48,117.46,7.09,84.37,,,,,,,,,,,,,,,,,,2062.0,0
1973-04,,,,,5.0,171.0,,239.0,5.7,3.2,3.29551,,8.22,88.1243,,67.7,,0.07,53.6,,,74.5,7.9,1908.0,,,,,11.6,,,102.8,,106.97,124.63,108.4,,90.5,,,,,,,,,,,,,,,,,,1908.0,0
1973-05,,,,,4.9,193.0,,236.3,5.9,3.2,3.45546,,8.94,88.403,,64.8,,0.44,36.6,,,71.9,7.4,1931.0,,,,,12.0,,,,,104.95,124.05,105.17,,101.96,,,,,,,,,,,,,,,,,,1931.0,0
1973-06,4.4,6.3,11.6,6.8,4.9,239.0,,240.5,6.2,3.2,3.69249,,8.79,88.2029,,65.0,,0.22,30.4,,,73.3,6.3,2051.0,,,,,12.4,,,104.4,,104.26,124.61,100.98,8.49,120.12,,,,,,,,,,,,,,,,,,2051.0,0
1973-07,,,,,4.8,26.0,,242.8,6.4,3.2,3.83975,,9.33,88.2221,,57.8,,0.51,24.8,,,68.1,5.0,1819.0,,,,,12.1,,,,,108.22,127.35,109.36,,120.17,,,,,,,,,,,,,,,,,,1819.0,0
1973-08,,,,,4.8,255.0,,254.8,6.1,3.2,4.10146,,7.69,87.8012,,62.7,,-0.37,18.5,,,68.4,2.9,1809.0,,,,,11.7,,,93.8,,104.25,121.82,104.87,,106.76,,,,,,,,,,,,,,,,,,1809.0,0
1973-09,-2.1,4.8,11.1,7.9,4.8,108.0,,248.0,6.3,3.8,4.28059,,7.73,88.2072,,63.5,,0.63,-0.3,,,70.4,1.2,1704.0,,,,,11.9,,,,,108.43,125.11,111.2,10.78,102.97,,,,,,,,,,,,,,,,,,1704.0,0
1973-10,,,,,4.6,331.0,,241.5,6.0,4.3,4.62303,,7.2,88.6195,,66.2,,1.04,9.8,,,69.9,0.0,1411.0,,,,,10.8,,,107.5,,108.29,126.14,112.79,,100.08,,,,,,,,,,,,,,,,,,1411.0,0
1973-11,,,,,4.8,313.0,,256.3,6.3,4.5,4.85212,,6.44,88.7326,,68.1,,0.78,15.4,,,80.9,-1.4,1402.0,,,,,10.5,,,,,95.96,109.55,93.51,,94.82,,,,,,,,,,,,,,,,,,1402.0,1
1973-12,3.9,4.0,11.1,7.1,4.9,111.0,,291.0,6.0,4.7,5.11827,,4.98,88.2092,,63.6,,-0.41,8.0,,,74.3,-3.6,1288.0,,,,,10.4,,,70.6,,97.55,108.41,91.68,9.95,106.72,,,,,,,,,,,,,,,,,,1288.0,1
1974-01,,,,,5.1,69.0,,313.5,5.7,4.9,5.56916,5.5,3.5,87.3603,,62.1,,-0.22,-12.9,,,68.3,-4.7,1331.0,,,,,10.6,,,,,96.57,109.01,95.4,,129.19,,,,,,,,,,,,,,,,,,1331.0,1
1974-02,,,,,5.2,154.0,,318.3,6.2,5.4,5.90663,5.7,1.72,86.8532,,58.6,,-0.26,-13.2,,,68.3,-5.7,1360.0,,,,,10.2,,,62.7,,96.22,110.46,92.93,,150.23,,,,,,,,,,,,,,,,,,1360.0,1
1974-03,-3.4,0.6,8.3,8.3,5.1,42.0,,314.3,6.2,5.8,6.30276,6.5,1.71,86.5946,,61.8,,0.05,-12.5,,,58.2,-5.7,1440.0,,,,,9.8,,,,,93.98,107.42,92.27,9.35,168.42,,,,,,,,,,,,,,,,,,1440.0,1
1974-04,,,,,5.1,86.0,,293.0,6.4,6.2,6.48181,7.1,1.56,86.102,,59.9,,-0.37,-11.9,,,63.0,-6.5,1254.0,,,,,9.5,,,95.1,,90.31,105.38,86.24,,172.24,,,,,,,,,,,,,,,,,,1254.0,1
1974-05,,,,,5.1,167.0,,295.3,7.1,6.8,7.09158,8.8,1.64,86.5764,,55.7,,0.47,-9.2,,,58.7,-7.1,1138.0,,,,,9.7,,,,,87.28,100.89,80.2,,163.27,,,,,,,,,,,,,,,,,,1138.0,1
1974-06,1.0,-0.2,8.2,9.2,5.4,55.0,,312.5,7.5,7.9,7.72349,10.4,1.37,86.2087,,54.7,,-0.3,-8.7,,,60.9,-7.9,1086.0,,,,,9.6,,,92.5,,86.0,97.48,75.96,11.93,154.1,,,,,,,,,,,,,,,,,,1086.0,1
1974-07,,,,,5.5,32.0,,309.5,7.2,8.8,8.21579,12.1,1.13,86.1702,,54.8,,-0.28,-8.4,,,63.4,-8.3,1002.0,,,,,10.1,,,,,79.31,91.46,72.83,,142.98,,,,,,,,,,,,,,,,,,1002.0,1
1974-08,,,,,5.5,-17.0,,343.0,7.9,9.6,8.75237,13.7,0.21,85.0813,,52.9,,-0.7,-16.9,,,57.3,-9.0,917.0,,,,,10.1,,,77.3,,72.15,82.39,62.37,,154.64,,,,,,,,,,,,,,,,,,917.0,1
1974-09,-3.7,-0.6,8.8,12.9,5.9,-9.0,,360.8,8.1,10.2,9.17688,15.1,-0.57,84.9171,,46.2,,-0.85,-7.4,,,47.1,-10.4,840.0,,,,,10.1,,,,,63.54,74.45,57.12,11.34,151.77,,,,,,,,,,,,,,,,,,840.0,1
1974-10,,,,,6.0,20.0,,405.5,8.3,10.6,9.60823,16.9,-1.64,84.4837,,42.7,,-1.1,-26.1,,,41.9,-11.3,824.0,,,,,9.6,,,54.5,,73.9,81.33,62.88,,158.78,,,,,,,,,,,,,,,,,,824.0,1
1974-11,,,,,6.6,-365.0,,470.5,8.0,11.2,9.87727,17.6,-5.3,81.5472,,37.9,,-2.43,-31.8,,,36.8,-12.3,783.0,,,,,8.7,,,,,69.97,79.81,62.95,,181.66,,,,,,,,,,,,,,,,,,783.0,1
1974-12,-1.5,-1.9,8.4,12.7,7.2,-613.0,,524.0,8.5,11.1,10.04323,17.7,-8.44,78.4766,,30.9,,-3.28,-57.9,,,24.4,-12.7,869.0,,,,,8.9,,,43.2,,68.56,78.24,58.74,8.53,183.85,,,,,,,,,,,,,,,,,,869.0,1
1975-01,,,,,8.1,-359.0,,560.8,8.2,11.5,10.14168,17.5,-9.08,77.2606,,30.7,,-1.76,-44.7,,,24.3,-13.0,726.0,,,,,9.3,,,,,76.98,89.4,69.78,,175.8,,,,,,,,,,,,,,,,,,726.0,1
1975-02,,,,,8.1,-375.0,,541.3,7.9,11.7,10.21999,17.2,-10.91,75.3723,,34.4,,-2.05,-25.5,,,23.5,-12.7,729.0,,,,,9.3,,,54.5,,81.59,97.05,73.0,,181.75,,,,,,,,,,,,,,,,,,729.0,1
1975-03,-4.8,-2.3,8.4,9.4,8.6,-270.0,,546.8,8.1,11.4,9.93721,16.6,-11.9,74.4335,,31.6,,-1.99,-28.4,,,28.3,-12.7,709.0,,,,,9.2,,,,,83.36,97.51,76.18,5.54,178.16,,,,,,,,,,,,,,,,,,709.0,1
1975-04,,,,,8.8,-188.0,,517.3,7.4,11.3,9.65292,15.8,-11.49,74.4561,,37.5,,-0.25,-28.1,,,33.1,-10.5,866.0,,,,,9.0,,,66.4,,87.3,101.3,78.64,,167.0,,,,,,,,,,,,,,,,,,866.0,0
1975-05,,,,,9.0,164.0,,497.3,6.6,10.5,9.07047,13.6,-12.42,74.1297,,41.2,,-0.2,-18.3,,,37.2,-9.3,914.0,,,,,8.9,,,,,91.15,103.45,83.1,,167.0,,,,,,,,,,,,,,,,,,914.0,0
1975-06,2.9,-1.8,8.0,5.9,8.8,-103.0,,495.5,6.5,9.6,8.48877,11.9,-11.72,74.4823,,45.1,,0.12,-6.4,,,39.7,-7.7,946.0,,,,,10.6,,,72.2,,95.19,104.5,86.5,5.55,166.25,,,,,,,,,,,,,,,,,,946.0,0
1975-07,,,,,8.6,249.0,,449.8,6.3,9.1,8.19764,10.6,-10.99,75.13,,47.2,,0.62,13.7,,,44.5,-5.6,1020.0,,,,,9.1,,,,,88.75,98.48,83.6,,166.7,,,,,,,,,,,,,,,,,,1020.0,0
1975-08,,,,,8.4,383.0,,451.5,6.2,8.2,7.53555,8.9,-9.12,75.7493,,51.4,,0.68,28.0,,,50.3,-4.0,994.0,,,,,9.4,,,82.4,,86.88,96.72,79.01,,159.8,,,,,,,,,,,,,,,,,,994.0,0
1975-09,7.0,0.8,9.6,7.3,8.4,75.0,,445.3,5.7,7.7,7.15748,7.9,-7.96,76.6023,,54.4,,0.61,32.6,,,50.8,-1.6,1064.0,,,,,9.2,,,,,83.87,92.43,76.14,6.24,141.25,,,,,,,,,,,,,,,,,,1064.0,0
1975-10,,,,,8.4,312.0,,418.3,5.5,7.0,6.85573,7.0,-7.27,76.7949,,55.5,,0.28,35.3,,,52.2,0.7,1096.0,,,,,9.2,,,77.6,,89.04,98.55,76.99,,142.9,,,,,,,,,,,,,,,,,,1096.0,0
1975-11,,,,,8.3,145.0,,397.3,6.1,6.8,6.78275,6.3,-4.02,76.7613,,54.5,,0.13,44.2,,,52.1,2.8,1110.0,,,,,9.8,,,,,91.24,101.01,78.8,,138.15,,,,,,,,,,,,,,,,,,1110.0,0
1975-12,5.5,2.6,10.1,6.8,8.2,332.0,,374.3,5.6,6.7,6.67745,6.0,0.91,77.6515,,54.9,,0.85,33.1,,,49.4,4.9,1091.0,,,,,9.7,,,93.7,,90.19,100.86,77.13,5.2,140.25,,,,,,,,,,,,,,,,,,1091.0,0
1976-01,,,,,7.9,486.0,,373.5,6.3,6.7,6.60439,5.8,3.7,78.5352,,58.8,,1.38,10.8,,,55.6,7.6,1195.0,,,,12.5,10.3,,,,,100.86,109.64,87.05,,128.15,,,,,,,,,,,,,,,,,,1195.0,0
1976-02,,,,,7.7,313.0,,348.3,6.7,6.5,6.27661,5.8,7.2,79.1583,,61.5,,0.79,20.7,,,60.4,9.3,1190.0,,,,13.0,10.5,,,101.0,,99.71,108.58,90.26,,132.3,,,,,,,,,,,,,,,,,,1190.0,0
1976-03,9.3,6.2,12.6,4.4,7.6,232.0,,360.5,6.4,6.6,6.0739,5.4,8.62,79.1609,,58.4,,0.4,36.2,,,61.3,10.0,1164.0,,,,13.1,10.5,,,,,102.77,109.62,90.89,4.84,129.6,,,,,,,,,,,,,,,,,,1164.0,0
1976-04,,,,,7.7,244.0,,371.5,6.9,6.4,5.9729,5.2,8.97,79.3847,,60.6,,0.31,43.2,,,61.2,9.2,1132.0,,,,12.9,10.7,,,89.5,,101.64,108.58,90.08,,128.4,,,,,,,,,,,,,,,,,,1132.0,0
1976-05,,,,,7.4,20.0,,393.3,7.3,6.5,6.02256,5.4,9.76,79.5472,,58.8,,0.2,37.7,,,59.9,9.3,1194.0,,,,12.6,10.2,,,,,100.18,106.53,88.04,,125.5,,,,,,,,,,,,,,,,,,1194.0,0
1976-06,3.0,6.2,12.1,4.1,7.6,64.0,,396.8,6.8,6.5,5.93742,5.7,9.17,79.4537,,58.2,,0.21,32.7,,,59.5,9.0,1188.0,,,,12.7,8.3,,,94.5,,104.28,109.56,90.05,5.48,123.8,,,,,,,,,,,,,,,,,,1188.0,0
1976-07,,,,,7.8,171.0,,390.0,7.2,6.7,5.86774,5.5,8.73,79.7129,,55.9,,0.29,28.0,,,59.9,8.7,1245.0,,,,13.1,9.8,,,,,103.44,108.29,91.29,,112.5,,,,,,,,,,,,,,,,,,1245.0,0
1976-08,,,,,7.8,157.0,,388.5,7.3,6.8,6.11356,5.7,8.36,80.0788,,54.5,,0.26,19.6,,,59.2,8.9,1309.0,,,,12.6,9.4,,,94.6,,102.91,107.79,89.14,,104.0,,,,,,,,,,,,,,,,,,1309.0,0
1976-09,2.2,5.0,10.3,5.2,7.6,188.0,,404.3,7.5,6.8,6.15768,5.8,7.27,80.1586,,53.6,,0.33,22.1,,,57.8,9.1,1481.0,,,,13.2,9.3,,,,,105.24,108.44,92.31,5.25,116.0,,,,,,,,,,,,,,,,,,1481.0,0
1976-10,,,,,7.7,19.0,,409.3,7.5,6.7,6.14901,5.9,6.82,79.9457,,53.5,,-0.33,22.2,,,56.7,8.4,1425.0,,,,12.5,8.7,,,87.1,,102.9,104.39,90.35,,123.15,,,,,,,,,,,,,,,,,,1425.0,0
1976-11,,,,,7.8,329.0,,389.5,7.4,6.5,5.93063,5.7,8.34,80.9791,,51.7,,0.97,13.8,,,56.7,9.0,1531.0,,,,13.0,9.5,,,,,102.1,103.72,91.42,,130.25,,,,,,,,,,,,,,,,,,1531.0,0
1976-12,2.9,4.3,9.8,7.0,7.8,208.0,,368.3,7.4,6.1,5.86239,5.7,7.98,81.6559,,56.6,,1.09,13.6,,,56.2,9.4,1511.0,,,,14.2,9.7,,,98.9,,107.46,111.26,97.88,4.65,134.5,,,,,,,,,,,,,,,,,,1511.0,0
1977-01,,,,,7.5,242.0,,407.3,7.3,6.3,5.96538,5.7,5.85,80.9038,,54.8,,-0.2,31.5,,,61.3,7.7,1466.0,,,,14.0,8.6,,,,,102.03,107.26,95.72,,132.3,,,,,,,,,,,,,,,,,,1466.0,0
1977-02,,,,,7.6,298.0,,450.8,7.3,6.3,6.1921,5.6,6.48,81.9747,,55.0,,1.12,34.9,,,57.3,7.0,1560.0,,,,14.3,9.1,,,97.6,,99.82,106.52,94.9,,142.75,,,,,,,,,,,,,,,,,,1560.0,0
1977-03,4.8,3.2,9.2,6.6,7.4,403.0,,357.5,7.5,6.2,6.29301,5.8,7.58,82.8042,,58.4,,1.06,33.2,,,56.9,8.0,1660.0,,,,14.8,9.6,,,,,98.42,105.58,95.28,4.69,148.9,,,,,,,,,,,,,,,,,,1660.0,0
1977-04,,,,,7.2,337.0,,371.8,7.8,6.3,6.39983,5.9,8.09,83.3995,,56.9,,0.65,44.4,,,58.1,8.0,1660.0,,,,14.8,10.1,,,93.1,,98.44,106.46,95.48,,147.25,,,,,,,,,,,,,,,,,,1660.0,0
1977-05,,,,,7.0,360.0,,380.3,7.6,6.3,6.44043,6.1,8.46,83.8236,,59.7,,0.64,30.3,,,60.3,7.7,1668.0,,,,14.6,10.3,,,,,96.12,104.73,95.9,,142.95,,,,,,,,,,,,,,,,,,1668.0,0
1977-06,8.0,4.5,11.0,6.5,7.2,400.0,,358.0,7.7,6.6,6.64319,5.9,9.16,84.239,,56.8,,0.7,27.6,,,58.7,7.9,1752.0,,,,14.6,10.4,,,98.2,,100.48,108.39,99.66,5.39,143.0,,,,,,,,,,,,,,,,,,1752.0,0
1977-07,,,,,6.9,346.0,,364.3,7.7,6.3,6.71545,6.0,8.66,84.12,,57.7,,0.35,21.5,,,58.7,7.2,1687.0,,,,14.3,10.3,,,97.5,,98.85,106.66,100.65,,144.1,,,,,,,,,,,,,,,,,,1687.0,0
1977-08,,,,,7.0,241.0,,367.3,7.0,6.2,6.62466,6.2,8.05,83.9765,,54.9,,0.27,20.1,,,54.9,7.1,1780.0,,,,14.5,10.4,,,98.7,,96.77,106.77,99.89,,146.0,,,,,,,,,,,,,,,,,,1780.0,0
1977-09,7.4,5.8,12.3,5.6,6.8,457.0,,362.3,7.0,6.2,6.45117,6.2,8.19,84.0778,,53.9,,0.41,11.2,,,57.2,6.7,1674.0,,,,14.3,10.8,,,96.7,,96.53,107.81,100.85,6.14,154.05,,,,,,,,,,,,,,,,,,1674.0,0
1977-10,,,,,6.8,268.0,,361.8,7.5,6.0,6.44373,6.4,8.34,83.9767,,55.4,,0.43,15.9,,,60.0,6.7,1758.0,,,,14.5,11.7,,,95.5,,92.34,105.68,97.49,,161.5,,,,,,,,,,,,,,,,,,1758.0,0
1977-11,,,,,6.8,373.0,,353.8,7.3,5.9,6.51056,6.3,6.89,83.8911,,56.1,,0.51,18.2,,,59.6,6.0,1771.0,,,,14.4,11.7,,,98.9,,94.83,106.71,104.33,,160.05,,,,,,,,,,,,,,,,,,1771.0,0
1977-12,0.0,5.0,11.9,6.9,6.4,237.0,,357.8,7.3,6.5,6.4823,6.2,5.94,83.8023,,59.8,,0.77,30.6,,,65.4,5.3,1754.0,,,,14.8,11.8,,,109.7,,95.1,108.52,105.05,6.56,164.95,,,,,,,,,,,,,,,,,,1754.0,0
1978-01,,,,,6.4,184.0,,351.0,7.6,6.4,6.47009,6.3,5.09,82.3473,,57.4,,-1.23,20.6,,,65.5,4.7,1740.0,,,,13.3,12.0,,,107.8,83.7,89.25,105.02,100.62,,175.75,,,,,,,,,,,,,,,,,,1740.0,0
1978-02,,,,,6.3,354.0,,382.0,7.4,6.2,6.22852,6.2,3.99,82.5737,,55.9,,1.02,11.3,,,61.9,4.7,1736.0,,,,14.0,11.7,,,107.0,84.3,87.04,103.9,102.7,,182.25,,,,,,,,,,,,,,,,,,1736.0,0
1978-03,1.3,4.1,10.8,6.7,6.3,512.0,,343.5,7.5,6.3,6.35314,6.4,4.71,83.9168,,55.0,,1.29,8.9,,,57.9,4.0,1799.0,,,,14.7,12.0,,,104.7,78.8,89.21,108.28,106.2,6.79,181.6,,,,,,,,,,,,,,,,,,1799.0,0
1978-04,,,,,6.1,702.0,,324.3,7.8,6.5,6.51557,7.0,5.77,85.3482,,57.7,,1.74,18.4,,,62.7,5.0,1948.0,,,,15.8,12.4,,,109.9,81.6,96.83,112.83,115.18,,170.85,,,,,,,,,,,,,,,,,,1948.0,0
1978-05,,,,,6.0,347.0,,327.0,7.8,6.8,6.5987,7.5,5.47,85.5208,,60.2,,0.35,27.6,,,62.6,4.8,1766.0,,,,15.8,12.5,,,105.5,82.9,97.29,113.93,119.86,,184.15,,,,,,,,,,,,,,,,,,1766.0,0
1978-06,16.4,6.1,13.4,8.2,5.9,441.0,,333.8,8.1,7.0,6.55619,7.7,5.32,85.8308,,60.5,,0.79,23.2,,,62.6,4.5,1983.0,,,,15.9,12.8,,,109.5,80.0,95.53,114.74,120.3,7.6,183.05,,,,,,,,,,,,,,,,,,1983.0,0
1978-07,,,,,6.2,254.0,,350.8,8.1,7.4,6.5258,8.2,5.1,85.5323,,62.2,,-0.1,17.9,,,63.9,4.1,1786.0,,,,15.1,12.8,,,105.4,82.4,100.68,122.68,125.62,,200.25,,,,,,,,,,,,,,,,,,1786.0,0
1978-08,,,,,5.9,279.0,,335.8,8.2,7.5,6.5722,8.2,5.43,85.6465,,60.3,,0.7,27.7,,,60.7,4.5,1691.0,,,,15.7,13.0,,,108.0,78.4,103.29,125.16,135.84,,208.7,,,,,,,,,,,,,,,,,,1691.0,0
1978-09,4.1,5.2,13.1,7.2,6.0,138.0,,325.0,8.3,7.9,6.73647,8.2,5.28,85.6125,,60.5,,0.27,17.9,,,65.3,4.7,1751.0,,,,14.2,12.6,,,106.6,80.4,102.54,126.27,132.89,8.45,217.1,,,,,,,,,,,,,,,,,,1751.0,0
1978-10,,,,,5.8,335.0,,328.3,8.5,8.4,7.00165,7.7,5.92,86.0371,,60.1,,0.73,21.0,,,64.1,4.7,1781.0,,,,15.4,12.4,,,108.6,79.3,93.15,123.46,115.25,,242.6,,,,,,,,,,,,,,,,,,1781.0,0
1978-11,,,,,5.9,435.0,,345.5,8.4,8.7,7.02353,7.9,6.52,86.4614,,61.3,,0.7,14.4,,,66.5,3.7,1795.0,,,,15.0,11.7,,,96.5,75.0,94.7,118.76,116.17,,193.4,,,,,,,,,,,,,,,,,,1795.0,0
1978-12,5.5,6.7,14.4,8.1,6.0,280.0,,350.3,8.7,8.5,6.88827,8.4,6.92,86.6562,,59.4,,0.5,8.5,,,65.1,3.5,1818.0,,,,14.8,11.9,,,102.2,66.1,96.11,122.28,117.98,10.03,226.0,,,,40.237,,,,,,,,,,,,,,1818.0,0
1979-01,,,,,5.9,137.0,,357.5,8.5,8.6,6.79633,8.8,7.87,85.9566,,58.5,,-0.38,4.1,,,62.8,3.5,1461.0,,,,14.6,12.8,,,99.5,72.1,99.93,125.06,127.04,,233.7,,,,43.871,,,,,,,,,,,,,,1461.0,0
1979-02,,,,,5.9,247.0,,360.3,8.6,9.2,6.73538,9.2,7.82,86.1651,,58.2,,0.13,-1.5,,,62.4,2.9,1492.0,,,,14.9,12.8,,,101.5,73.9,96.28,122.35,125.04,,251.3,,,,42.479,,,,,,,,,,,,,,1492.0,0
1979-03,0.7,6.5,14.7,7.7,5.8,424.0,,358.8,8.6,9.3,6.76844,9.1,6.09,86.1935,,57.7,,0.99,5.8,,,66.3,2.9,1720.0,,,,14.8,12.7,,,96.4,68.4,101.59,127.07,131.76,10.09,240.1,,,,46.607,,,,,,,,,,,,,,1720.0,0
1979-04,,,,,5.8,-62.0,,415.5,7.4,9.3,7.0634,9.1,2.81,84.9421,,56.2,,-1.41,-3.4,,,64.0,-0.2,1597.0,,,,14.3,11.5,,,94.6,66.0,101.76,126.52,134.37,,245.3,,,,47.669,,,,,,,,,,,,,,1597.0,0
1979-05,,,,,5.6,372.0,,343.8,7.9,9.4,7.36161,8.7,3.18,85.4801,,54.4,,1.14,-1.6,,,60.8,0.0,1684.0,,,,14.0,11.3,,,96.0,68.1,99.08,123.96,132.68,,274.6,,,,46.804,,,,,,,,,,,,,,1684.0,0
1979-06,0.4,2.7,11.1,10.0,5.7,319.0,,366.0,7.7,9.3,7.36415,8.8,2.58,85.2706,,52.7,,-0.06,-4.2,,,58.8,-0.9,1640.0,,,,12.4,11.0,,,92.7,65.8,102.91,127.17,138.13,10.29,277.5,,,,49.271,,,,,,,,,,,,,,1640.0,0
1979-07,,,,,5.7,109.0,,379.3,7.8,9.6,7.27178,8.6,2.51,84.9248,,51.3,,-0.16,-13.2,,,54.2,-1.5,1534.0,,,,13.7,11.5,,,81.4,60.4,103.81,127.75,140.02,,296.45,,,,50.723,,,,,,,,,,,,,,1534.0,0
1979-08,,,,,6.0,83.0,,388.0,7.9,10.0,7.40764,8.1,1.43,84.1753,,49.5,,-0.43,-17.8,,,43.9,-2.6,1591.0,,,,14.0,11.5,,,79.4,64.5,109.32,132.49,150.44,,315.1,,,,54.666,,,,,,,,,,,,,,1591.0,0
1979-09,3.0,2.4,11.4,8.6,5.9,27.0,,385.0,8.0,9.9,7.52055,8.5,1.13,83.9806,,49.6,,-0.06,-24.4,,,49.3,-3.4,1638.0,,,,14.0,11.6,,,87.8,66.7,109.32,135.08,149.98,11.43,397.25,,,,54.292,,,,,,,,,,,,,,1638.0,0
1979-10,,,,,6.0,154.0,,402.3,7.3,10.1,7.51716,9.3,1.07,84.3728,,49.0,,-0.01,-28.6,,,51.5,-4.7,1481.0,,,,12.7,11.3,,,92.3,62.1,101.82,124.64,133.75,,382.0,,,,48.172,,,,,,,,,,,,,,1481.0,0
1979-11,,,,,5.9,92.0,,418.5,7.4,10.6,7.62429,9.4,0.16,84.0579,,48.0,,-0.32,-20.1,,,49.2,-5.3,1276.0,,,,12.7,11.6,,,90.2,63.3,106.16,128.08,144.26,,415.65,,,,52.059,,,,,,,,,,,,,,1276.0,0
1979-12,1.0,1.3,10.0,7.5,6.0,99.0,,431.3,7.7,11.3,7.97832,9.4,-0.27,83.9436,,44.8,,-0.18,-15.6,,,48.3,-5.8,1254.0,,,,13.2,11.6,,,90.7,61.0,107.94,131.1,150.83,13.78,512.0,,,,55.516,,,,,,,,,,,,,,1254.0,0
1980-01,,,,,6.3,128.0,,416.8,7.0,12.0,8.24465,10.6,0.82,84.2311,,46.2,,0.12,-18.4,,,45.2,-5.5,1280.0,,,,14.1,11.7,,,85.9,67.0,114.16,138.59,159.7,,653.0,,,,60.078,,,,,,,,,,,,,,1280.0,1
1980-02,,,,,6.3,83.0,,419.3,7.3,12.0,8.96639,11.0,0.37,84.1083,,50.2,,-0.53,-20.9,,,47.2,-5.8,1199.0,,,,13.0,11.4,,,85.3,66.9,113.66,138.25,158.03,,637.0,,,,58.807,,,,,,,,,,,,,,1199.0,1
1980-03,1.3,1.4,10.4,9.0,6.3,111.0,,440.0,7.7,12.5,9.34951,10.9,-0.34,83.5935,,43.6,,-1.15,-19.5,,,43.3,-8.8,988.0,,,,11.8,11.0,,,80.8,56.5,102.09,122.96,129.25,17.19,494.5,,,,47.931,,,,,,,,,,,,,,988.0,1
1980-04,,,,,6.9,-145.0,,556.8,8.0,13.0,8.90385,11.2,-1.15,81.7958,,37.4,,-2.21,-37.1,,,35.4,-10.1,808.0,,,,10.2,11.2,,,60.5,52.7,106.29,130.58,137.92,,518.0,,,,50.824,,,,,,,,,,,,,,808.0,1
1980-05,,,,,7.5,-429.0,,626.8,7.6,13.3,8.83581,10.8,-4.41,79.638,,29.4,,-2.33,-53.4,,,25.1,-11.7,861.0,,,,9.3,10.9,,,50.1,51.7,111.24,136.57,150.45,,535.5,,,,54.868,,,,,,,,,,,,,,861.0,1
1980-06,-8.0,-0.8,8.0,9.8,7.6,-319.0,,607.0,7.9,13.6,8.94821,11.0,-5.64,78.4608,,30.3,,-1.22,-54.3,,,20.7,-10.9,1118.0,,,,10.2,11.0,,,56.1,58.7,114.24,142.68,159.18,9.47,653.5,,,,57.073,,,,,,,,,,,,,,1118.0,1
1980-07,,,,,7.8,-261.0,,556.8,7.9,12.4,9.16478,11.7,-6.21,77.7482,,35.0,,-0.61,-57.1,,,26.5,-9.4,1259.0,,,,11.4,11.0,,,65.4,62.3,121.67,146.63,169.63,,614.25,,,,63.358,,,,,,,,,,,,,,1259.0,1
1980-08,,,,,7.7,259.0,,518.0,8.0,11.8,9.22989,12.2,-5.32,77.8447,,45.5,,0.3,-39.4,,,36.4,-8.3,1367.0,,,,10.9,11.2,,,70.8,67.3,122.38,149.05,181.52,,631.25,,,,67.494,,,,,,,,,,,,,,1367.0,0
1980-09,-0.5,-1.6,7.1,9.2,7.5,114.0,,482.8,7.8,12.0,9.51302,11.1,-3.69,78.9834,,50.1,,0.97,-10.3,,,45.0,-7.2,1484.0,,,,10.6,11.7,,,80.3,73.7,125.46,153.09,190.77,10.87,666.75,,,,69.45,,,,,,,,,,,,,,1484.0,0
1980-10,,,,,7.5,277.0,,427.3,8.5,12.3,9.61273,11.5,-3.15,79.8159,,55.5,,1.1,24.7,,,46.0,-5.3,1366.0,,,,11.1,12.6,,,84.2,75.0,127.47,157.1,192.78,,629.0,,,,72.13,,,,,,,,,,,,,,1366.0,0
1980-11,,,,,7.5,257.0,,411.0,8.9,12.1,9.77532,11.2,-1.4,80.9704,,58.2,,0.61,9.0,,,51.7,-4.2,1383.0,,,,11.0,12.7,,,87.2,76.7,140.52,163.23,208.15,,619.75,,,,77.159,,,,,,,,,,,,,,1383.0,0
1980-12,7.7,0.0,9.6,11.0,7.2,196.0,,410.0,8.5,12.2,9.64735,10.8,-0.8,81.3163,,53.0,,0.33,7.4,,,51.4,-4.0,1249.0,,,,10.7,12.7,,,78.6,64.5,135.76,159.23,201.28,18.9,589.75,,,,74.27,,,,,,,,,,,,,,1249.0,0
1981-01,,,,,7.5,90.0,,413.8,9.4,11.4,9.76456,9.8,-1.93,80.6229,,49.2,,-0.26,2.1,,,51.6,-5.0,1221.0,,,,11.0,12.1,,,74.4,71.4,129.55,154.16,197.81,,506.5,,,,73.803,,,,,,,,,,,,,,1221.0,0
1981-02,,,,,7.4,72.0,,428.8,9.0,10.9,9.47461,9.2,-2.39,80.0944,,48.8,,-0.43,5.2,,,52.5,-5.2,1199.0,,,,12.1,12.2,,,69.0,66.9,131.27,154.17,198.01,,489.0,,,,73.993,,,,,,,,,,,,,,1199.0,0
1981-03,8.1,1.6,12.0,11.0,7.4,105.0,,407.5,8.8,10.0,9.07151,9.3,-1.49,80.3057,,49.6,,-0.1,8.0,,,51.7,-2.7,1183.0,,,,12.2,12.6,,,77.8,66.5,136.0,159.2,208.82,14.7,513.75,,,,79.686,,,,,,,,,,,,,,1183.0,0
1981-04,,,,,7.2,73.0,,409.3,9.1,9.5,9.20794,9.3,-0.01,79.7704,,51.6,,-0.04,-1.2,,,52.9,1.1,1190.0,,,,10.2,12.4,,,81.6,72.4,132.81,158.84,219.56,,482.75,,,,81.67,,,,,,,,,,,,,,1190.0,0
1981-05,,,,,7.5,13.0,,417.3,9.0,9.5,9.08097,9.5,3.13,80.0226,,53.5,,-0.06,9.1,,,51.2,1.7,1173.0,,,,10.1,12.7,,,86.9,76.3,132.59,155.3,223.47,,479.25,,,,84.124,,,,,,,,,,,,,,1173.0,0
1981-06,-2.9,3.0,13.1,7.7,7.5,194.0,,433.0,8.8,9.4,8.9019,9.1,4.99,80.2399,,50.7,,-0.27,-2.1,,,49.5,0.6,976.0,,,,10.2,12.8,,,83.0,73.1,131.21,154.58,219.76,19.1,426.0,,,,81.98,,,,,,,,,,,,,,976.0,0
1981-07,,,,,7.2,111.0,,434.8,8.7,11.1,8.79514,8.2,6.51,80.5506,,46.7,,0.05,5.5,,,48.7,-1.1,935.0,,,,10.2,13.5,,,83.5,74.1,130.92,151.51,211.63,,406.0,,,,79.847,,,,,,,,,,,,,,935.0,1
1981-08,,,,,7.4,-36.0,,443.8,9.0,11.6,8.7372,8.0,6.06,80.2571,,48.3,,-0.45,16.8,,,48.7,-2.3,889.0,,,,12.5,13.4,,,85.7,77.2,122.79,148.1,197.55,,425.5,,,,73.417,,,,,,,,,,,,,,889.0,1
1981-09,4.9,4.3,14.1,8.0,7.6,-88.0,,477.3,8.9,11.8,8.42797,8.1,3.8,79.6687,,42.5,,-0.96,7.5,,,42.8,-4.4,847.0,,,,10.9,12.4,,,77.6,73.1,116.18,136.53,175.12,15.87,428.75,,,,67.072,,,,,,,,,,,,,,847.0,1
1981-10,,,,,7.9,-97.0,,493.8,8.1,10.9,8.18474,7.6,1.75,78.866,,40.0,,-1.26,-13.2,,,43.0,-5.8,731.0,,,,9.2,10.6,,,75.6,70.3,121.89,140.27,195.24,,427.0,,,,72.548,,,,,,,,,,,,,,731.0,1
1981-11,,,,,8.3,-209.0,,511.8,7.8,10.2,7.96547,7.8,-1.06,77.7627,,36.1,,-1.33,-25.7,,,34.4,-6.2,748.0,,,,9.3,10.2,,,66.9,62.5,126.35,150.25,201.02,,414.5,,,,74.612,,,,,,,,,,,,,,748.0,1
1981-12,-4.3,1.3,9.9,6.8,8.5,-276.0,,535.3,7.2,9.5,7.718,7.7,-2.79,76.7466,,37.8,,-1.53,-34.5,,,34.4,-6.0,796.0,,,,8.8,9.2,,,66.6,64.3,122.55,146.62,195.7,12.37,397.5,,,,73.156,,,,,,,,,,,,,,796.0,1
1982-01,,,,,8.6,-330.0,,545.3,7.4,9.3,7.44587,7.2,-4.16,75.0122,,38.2,,-1.79,-19.9,,,35.6,-5.9,794.0,,,,10.1,8.9,,,64.9,71.0,120.4,144.02,188.39,,387.0,,,,70.46,,,,,,,,,,,,,,794.0,1
1982-02,,,,,8.9,-2.0,,533.8,6.9,9.1,7.0781,6.6,-1.81,76.3833,,38.3,,0.88,-15.4,,,32.2,-4.7,808.0,,,,10.7,8.9,,,62.3,66.5,113.11,134.86,179.43,,362.6,,,,66.738,,,,,,,,,,,,,,808.0,1
1982-03,-6.1,-2.2,4.8,5.9,9.0,-129.0,,556.5,6.4,8.8,6.95232,6.5,-2.97,75.7186,,36.8,,-0.95,-15.7,,,32.0,-5.5,891.0,,,,10.5,8.0,,,56.7,62.0,111.96,130.75,175.2,14.68,320.0,,,,65.74,,,,,,,,,,,,,,891.0,1
1982-04,,,,,9.3,-284.0,,586.5,6.0,8.9,6.69407,5.8,-3.42,74.8888,,37.8,,-1.05,-3.2,,,34.1,-5.9,888.0,,,,9.5,8.6,,,57.0,65.5,116.44,136.72,184.7,,361.25,,,,69.1,,,,,,,,,,,,,,888.0,1
1982-05,,,,,9.4,-43.0,,585.8,6.2,8.7,6.54071,5.7,-4.63,74.2587,,35.5,,-0.61,-4.6,,,35.9,-5.7,953.0,,,,10.9,8.4,,,61.4,67.5,111.88,132.83,178.54,,325.25,,,,66.919,,,,,,,,,,,,,,953.0,1
1982-06,1.8,-1.0,5.4,5.4,9.6,-242.0,,596.8,5.8,8.6,6.54473,5.7,-5.37,73.9501,,38.3,,-1.15,2.2,,,36.0,-5.9,913.0,,,,9.4,7.8,,,56.7,65.7,109.61,126.39,170.48,14.15,317.5,,,,64.219,,,,,,,,,,,,,,913.0,1
1982-07,,,,,9.8,-344.0,,570.0,5.8,7.6,6.59252,5.6,-6.33,73.5908,,38.4,,-0.77,2.8,,,38.1,-4.9,1044.0,,,,9.6,6.2,,,63.2,65.4,107.09,124.34,167.35,,342.9,,,,63.145,,,,,,,,,,,,,,1044.0,1
1982-08,,,,,9.8,-158.0,,629.5,5.4,7.1,6.37097,5.7,-7.06,72.8353,,38.3,,-1.07,-3.2,,,34.8,-5.2,926.0,,,,9.8,5.7,,,56.9,65.4,119.51,132.93,177.6,,411.5,,,,67.897,,,,,,,,,,,,,,926.0,1
1982-09,-1.5,-2.6,3.2,5.7,10.1,-180.0,,671.8,4.9,5.9,6.06942,5.1,-6.89,72.5682,,38.8,,-0.57,-13.6,,,43.9,-3.3,1042.0,,,,11.0,5.4,,,58.1,69.3,120.42,133.11,188.61,10.31,397.0,,,,70.339,,,,,,,,,,,,,,1042.0,1
1982-10,,,,,10.4,-276.0,,641.8,4.9,5.9,6.10933,5.1,-7.06,71.8027,,39.4,,-1.24,10.9,,,39.0,-2.2,1149.0,,,,10.0,5.9,,,54.3,73.4,133.71,141.83,212.63,,423.25,,,,80.294,,,,,,,,,,,,,,1149.0,1
1982-11,,,,,10.8,-121.0,,594.3,4.5,5.3,5.88291,4.8,-6.26,71.5184,,39.2,,-0.52,2.3,,,39.6,-1.3,1229.0,,,,11.9,5.9,,,57.4,72.1,138.54,148.92,228.64,,436.0,,,,87.347,,,,,,,,,,,,,,1229.0,1
1982-12,0.2,-1.4,3.7,4.1,10.8,-15.0,,518.0,5.0,4.5,5.82832,4.9,-5.96,70.9657,,42.8,,-0.51,14.7,,,41.9,-0.2,1351.0,,,,11.1,6.4,,,59.5,71.9,140.64,155.16,232.41,8.95,456.9,,,,88.273,,,,,,,,,,,,,,1351.0,0
1983-01,,,,,10.4,219.0,,492.8,4.4,4.7,5.90254,3.8,-2.21,72.2448,,46.0,,1.09,12.5,,,46.8,2.7,1426.0,,,,10.7,6.4,,,59.0,70.4,145.3,158.03,246.93,,499.5,,,,94.86,,,,,,,,,,,,,,1426.0,0
1983-02,,,,,10.4,-73.0,,488.8,4.8,4.7,5.88687,4.1,-4.73,71.77,,54.4,,-0.45,20.2,,,52.2,3.1,1471.0,,,,10.4,5.9,,,67.6,74.6,148.06,160.91,262.44,,408.5,,,,100.521,,,,,,,,,,,,,,1471.0,0
1983-03,5.4,1.4,6.1,3.2,10.3,173.0,,479.3,4.4,4.7,5.56019,3.8,-3.29,72.3463,,53.9,,0.7,32.6,,,57.2,5.1,1475.0,,,,10.8,6.3,,,79.4,80.8,152.96,166.14,270.89,8.77,414.75,29.29,,,103.04,,,,,,,,,,,,,,1475.0,0
1983-04,,,,,10.2,274.0,,497.3,4.6,4.3,5.46214,3.5,-1.16,73.2328,,54.2,,0.65,37.2,,,55.7,6.0,1566.0,,,,11.5,6.1,,,83.1,89.1,164.42,177.56,293.06,,429.25,30.63,,,110.419,,,,,,,,,,,,,,1566.0,0
1983-05,,,,,10.1,280.0,,468.0,4.3,3.6,5.04255,3.2,0.15,73.6723,,56.1,,0.91,37.6,,,56.7,8.1,1669.0,,,,11.9,6.3,,,87.7,93.3,162.39,175.38,312.05,,437.5,30.25,,,118.105,,,,,,,,,,,,,,1669.0,0
1983-06,9.4,3.3,7.4,3.0,10.1,377.0,,435.0,4.3,2.9,5.00594,3.0,1.01,74.0991,,57.5,,1.12,42.3,,,50.8,10.4,1769.0,,,,12.8,6.4,,,87.5,92.2,168.11,180.45,328.91,8.98,416.0,31.38,,,123.295,,,,,,,,,,,,,,1769.0,0
1983-07,,,,,9.4,416.0,,404.5,4.3,3.0,5.03266,3.1,2.88,75.1751,,63.6,,1.04,49.5,,,62.8,11.3,1795.0,,,,12.7,6.7,,,89.0,92.8,162.56,176.8,303.96,,422.0,32.0,,,119.586,,,,,,,,,,,,,,1795.0,0
1983-08,,,,,9.5,-308.0,,435.8,3.3,3.0,5.09087,3.0,5.04,76.044,,63.1,,0.43,41.5,,,67.5,12.5,1713.0,,,,12.0,6.5,,,91.2,90.9,164.4,177.31,290.31,,414.25,31.59,,,114.793,,,,,,,,,,,,,,1713.0,0
1983-09,8.2,5.7,9.6,4.3,9.2,1118.0,,409.3,4.0,3.5,5.12607,2.8,6.89,77.0993,,62.5,,1.54,40.7,,,65.7,13.1,1585.0,,,,12.3,7.3,,,91.1,89.9,166.07,180.47,296.65,9.45,405.0,30.36,,,116.604,,,,,,,,,,,,,,1585.0,0
1983-10,,,,,8.8,273.0,,399.5,4.4,3.7,4.64898,2.3,8.71,77.6543,,64.4,,0.95,35.4,,,68.8,14.1,1716.0,,,,13.1,8.0,,,92.1,89.3,163.55,177.91,276.14,,382.0,30.37,,,108.404,,,,,,,,,,,,,,1716.0,0
1983-11,,,,,8.5,355.0,,385.0,4.3,4.3,4.5072,2.2,9.53,77.9349,,66.0,,0.74,45.1,,,69.6,14.3,1668.0,,,,12.9,8.2,,,96.7,91.1,166.4,182.06,285.49,,405.0,29.23,,,113.856,,,,,,,,,,,,,,1668.0,0
1983-12,8.6,7.9,11.5,3.0,8.3,355.0,,369.8,3.9,4.8,4.25315,1.9,10.87,78.2537,,69.9,,0.95,41.0,,,75.1,14.6,1627.0,,,,14.3,8.5,,,103.6,94.2,164.93,183.95,278.6,9.47,382.4,29.6,,,111.478,,,,,,,,,,,,,,1627.0,0
1984-01,,,,,8.0,443.0,,351.0,4.0,4.8,3.88915,2.5,11.02,79.7126,,60.5,,1.24,47.0,,,69.8,13.9,1816.0,,,,14.0,9.0,,,103.9,100.1,163.41,185.04,273.18,,373.75,29.98,,,109.434,,,,,,,,,,,,,,1816.0,0
1984-02,,,,,7.8,484.0,,340.5,3.3,4.8,4.15815,2.4,12.19,79.9814,,61.3,,0.66,25.8,,,65.9,13.8,1987.0,,,,14.1,10.0,,,101.0,97.4,157.06,181.54,251.44,,394.25,30.55,,,102.996,,,,,,,,,,,,,,1987.0,0
1984-03,8.1,8.6,12.5,4.0,7.8,272.0,,345.5,3.8,5.0,4.42051,2.6,11.81,80.2384,,58.9,,0.41,35.0,,,70.7,12.5,1725.0,,,,14.0,10.4,,,101.1,101.0,159.18,189.61,250.78,9.91,388.5,30.85,,,103.374,,,,,,,,,,,,,,1725.0,0
1984-04,,,,,7.7,363.0,,369.3,3.9,5.0,4.59526,2.7,11.08,80.5838,,61.0,,0.56,36.9,,,69.3,12.0,1776.0,,,,14.1,10.9,,,106.1,96.1,160.05,188.45,246.9,,375.8,30.26,,,102.617,,,,,,,,,,,,,,1776.0,0
1984-05,,,,,7.4,306.0,,357.8,3.3,5.2,4.68692,2.7,10.95,80.8718,,58.6,,0.58,31.7,,,68.0,11.2,1741.0,,,,14.6,10.4,,,104.8,98.1,150.55,173.85,235.23,,384.25,30.83,,,97.069,,,,,,,,,,,,,,1741.0,0
1984-06,7.1,8.0,12.0,3.6,7.2,381.0,,363.0,3.5,5.1,4.44556,2.5,10.68,81.0034,,58.1,,0.59,27.7,,,64.6,10.0,1814.0,,,,14.4,10.8,,,105.8,95.5,153.18,174.88,239.65,11.06,373.05,29.75,,,99.596,,,,,,,,,,,,,,1814.0,0
1984-07,,,,,7.5,310.0,,360.5,3.5,5.0,4.19338,2.5,9.36,81.0623,,56.1,,0.08,1.4,,,62.5,9.3,1605.0,,,,14.5,10.6,,,100.4,96.6,150.66,168.27,229.3,,342.35,27.6,,,94.578,,,,,,,,,,,,,,1605.0,0
1984-08,,,,,7.5,243.0,,390.3,3.9,5.1,4.0,2.3,8.19,80.9851,,53.0,,-0.02,23.7,,,56.3,8.9,1530.0,,,,14.0,11.3,,,103.1,99.1,166.68,184.68,254.64,,348.25,29.23,,,105.47,,,,,,,,,,,,,,1530.0,0
1984-09,3.9,6.9,10.7,3.7,7.3,312.0,,398.0,3.6,5.1,3.74,2.5,6.34,80.5773,,50.0,,-0.07,22.3,,,59.3,7.6,1523.0,,,,13.7,11.2,,,100.0,100.9,166.1,183.52,249.94,11.3,343.75,29.66,,,104.432,,,,,,,,,,,,,,1523.0,0
1984-10,,,,,7.4,285.0,,419.3,2.9,4.9,3.7889,2.1,5.49,80.3528,,50.8,,0.15,15.4,,,53.4,6.5,1490.0,,,,14.3,9.9,,,99.1,96.3,166.09,185.01,247.38,,333.5,28.46,,,102.344,,,,,,,,,,,,,,1490.0,0
1984-11,,,,,7.2,353.0,,401.5,3.0,4.6,3.76732,2.3,5.39,80.4271,,50.3,,0.41,2.7,,,52.7,6.4,1643.0,,,,14.4,9.6,,,105.5,95.7,163.58,183.85,242.53,,329.0,27.31,,,99.406,,,,,,,,,,,,,,1643.0,0
1984-12,3.3,5.6,9.3,2.8,7.3,125.0,,381.8,3.4,4.7,4.10092,2.0,4.95,80.2683,,50.6,,0.06,2.1,,,51.5,6.0,1626.0,,,,14.3,9.6,,,97.0,92.9,167.24,187.21,246.08,8.38,309.0,26.41,,,100.783,,,,,,,,,,,,,,1626.0,0
1985-01,,,,,7.3,265.0,,375.0,2.7,4.5,4.33777,2.2,2.79,80.0283,,50.3,,-0.1,5.5,,,52.8,5.2,1660.0,,,,15.3,9.2,,,102.0,96.0,179.63,197.06,274.0,,306.65,26.41,,,113.96,,,,,,,,,,,,,,1660.0,0
1985-02,,,,,7.2,131.0,,388.8,3.2,4.7,4.22202,2.5,2.69,80.0705,,49.9,,-0.04,10.9,,,51.7,4.7,1662.0,,,,15.4,8.5,,,103.1,93.7,181.18,196.96,286.18,,287.75,26.73,,,116.713,,,,,,,,,,,,,,1662.0,0
1985-03,3.9,4.6,8.2,4.2,7.2,339.0,,382.5,3.1,4.8,4.19135,2.4,2.33,79.972,,47.8,,0.34,31.0,,,49.1,4.9,1727.0,,,,15.0,8.3,,,96.1,93.7,180.66,203.3,279.2,8.58,329.25,28.29,,,114.113,,,,,,,,,,,,,,1727.0,0
1985-04,,,,,7.3,196.0,,398.3,2.8,4.5,3.82669,2.2,1.55,79.6139,,48.2,,-0.27,10.0,,,57.4,4.5,1664.0,,,,15.2,7.2,,,104.4,94.6,179.83,202.24,284.14,,321.35,27.63,,,112.552,,,,,,,,,,,,,,1664.0,0
1985-05,,,,,7.2,274.0,,393.5,3.1,4.5,3.94301,2.3,1.15,79.5339,,47.1,,0.37,8.0,,,49.2,4.3,1709.0,,,,15.3,7.3,,,99.6,91.8,189.55,212.13,290.8,,314.0,27.84,,,116.435,,,,,,,,,,,,,,1709.0,0
1985-06,3.6,3.7,7.1,2.4,7.4,147.0,,392.3,3.1,4.4,4.04195,2.6,0.77,79.3029,,47.8,,-0.53,-2.4,,,51.0,4.6,1716.0,,,,14.8,7.0,,,102.6,96.5,191.85,215.4,296.2,7.53,317.75,26.87,,,117.554,,,,,,,,,,,,,,1716.0,0
1985-07,,,,,7.4,189.0,,378.3,2.6,4.2,3.8982,2.5,-0.04,78.7087,,47.9,,-0.22,11.5,,,48.4,4.6,1697.0,,,,15.2,6.8,,,103.2,94.0,190.92,219.31,304.62,,327.5,27.12,,,120.708,,,,,,,,,,,,,,1697.0,0
1985-08,,,,,7.1,192.0,,403.8,2.9,4.1,4.06511,2.5,0.18,78.7942,,47.7,,0.54,7.0,,,51.4,5.0,1808.0,,,,16.6,6.1,,,100.9,92.4,188.63,220.59,297.71,,333.25,28.08,,,119.252,,,,,,,,,,,,,,1808.0,0
1985-09,6.3,4.3,7.4,2.7,7.1,205.0,,408.5,2.8,4.0,4.12078,1.7,0.85,78.918,,49.9,,0.24,2.3,,,50.7,5.2,1916.0,,,,18.8,5.9,,,96.0,92.1,182.08,221.7,280.2,7.92,326.5,29.08,,,111.856,,,,,,,,,,,,,,1916.0,0
1985-10,,,,,7.1,188.0,,404.0,2.8,4.1,4.05391,2.9,0.53,78.4912,,50.9,,-0.4,6.1,,,47.2,5.0,1743.0,,,,13.9,6.6,,,96.1,88.4,189.82,233.09,289.49,,325.1,30.38,,,115.908,,,,,,,,,,,,,,1743.0,0
1985-11,,,,,7.0,210.0,,392.3,2.9,4.4,4.08846,2.6,0.54,78.6182,,52.0,,0.31,19.7,,,55.0,5.0,1692.0,,,,14.3,6.4,,,98.1,90.9,202.17,245.57,313.95,,325.3,29.75,,,123.742,,,,,,,,,,,,,,1692.0,0
1985-12,3.0,4.2,7.1,2.1,7.0,166.0,,385.3,3.0,4.3,3.95983,2.7,1.5,79.2651,,50.7,,0.28,13.5,,,53.9,4.6,1794.0,,,,15.4,6.4,,,98.2,93.9,211.28,256.51,322.75,8.27,326.8,26.3,,,128.957,,,,,,,,,,,,,,1794.0,0
1986-01,,,,,6.7,123.0,,367.3,2.8,4.4,3.93776,2.3,2.12,79.5636,,51.2,,0.59,22.4,,,55.6,4.5,1847.0,,,,15.8,6.4,,,96.9,95.6,211.78,259.75,335.77,,350.5,18.83,,,130.86,,,,,,,,,,,,,,1847.0,0
1986-02,,,,,7.2,115.0,,372.3,2.8,4.2,3.66856,2.0,1.07,78.9134,,51.0,,-0.53,19.9,,,57.2,4.3,1767.0,,,,15.1,6.3,,,96.0,95.9,226.92,282.57,359.53,,338.15,13.26,,,140.01,,,,,,,,,,,,,,1767.0,0
1986-03,3.8,4.1,6.6,2.0,7.2,87.0,,382.8,2.5,4.1,3.62148,2.0,0.21,78.2664,,51.0,,-0.2,14.0,,,56.6,4.1,1780.0,,,,13.9,6.2,,,95.1,95.1,238.9,309.6,373.31,7.48,344.0,10.42,,,146.593,,,,,,,,,,,,,,1780.0,0
1986-04,,,,,7.1,187.0,,388.5,2.3,4.2,3.68565,2.3,0.5,78.2696,,49.7,,0.49,3.2,,,54.7,4.5,1858.0,,,,15.6,6.4,,,100.0,96.2,235.52,317.5,392.34,,345.75,13.34,,1434.3,148.613,,,,,,,,,,,,,,1858.0,0
1986-05,,,,,7.2,127.0,,384.5,2.3,4.0,3.50641,2.1,0.55,78.3421,,53.4,,-0.14,1.9,,,56.3,4.3,1797.0,,,,16.0,6.2,,,100.2,94.8,247.35,315.98,400.16,,343.2,14.3,,1406.6,153.522,,,,,,,,,,,,,,1797.0,0
1986-06,1.8,3.7,5.8,1.4,7.2,-93.0,,370.5,1.9,4.0,3.47483,2.1,0.21,77.9558,,50.5,,-0.13,2.8,,,55.7,4.4,1790.0,,,,15.6,6.0,,,100.0,99.3,250.84,328.04,403.53,6.92,345.5,12.78,,1381.9,153.148,,,,,,,,,,,,,,1790.0,0
1986-07,,,,,7.0,318.0,,373.3,2.1,4.1,3.361,2.1,1.34,78.3535,,48.0,,0.31,11.8,,,53.5,4.1,1780.0,,,,15.5,6.1,,,97.5,97.7,236.12,330.05,379.83,,357.5,11.15,,1323.4,138.666,,,,,,,,,,,,,,1780.0,0
1986-08,,,,,6.9,115.0,,405.3,1.9,4.0,3.06669,2.0,0.83,78.1419,,52.6,,0.07,6.8,,,55.9,4.1,1726.0,,,,17.0,6.1,,,91.7,94.9,252.93,358.26,382.86,,384.7,15.9,,1314.8,142.815,,,,,,,,,,,,,,1726.0,0
1986-09,3.9,3.1,5.0,1.9,7.0,346.0,,395.5,1.6,4.1,3.19309,2.7,0.73,78.2726,,52.4,,0.65,10.6,,,53.1,4.2,1686.0,,,,21.2,5.9,,,89.7,91.9,231.32,343.35,351.61,5.89,423.2,14.77,,1370.5,133.785,,,,,,,,,,,,,,1686.0,0
1986-10,,,,,7.0,187.0,,376.5,1.9,4.0,3.37783,2.7,1.52,78.5086,,51.2,,-0.27,9.1,,,55.0,4.0,1675.0,,,,14.5,5.4,,,85.8,95.6,243.98,336.82,360.77,,401.0,15.27,,1312.1,138.968,,,,,,,,,,,,,,1675.0,0
1986-11,,,,,6.9,187.0,,363.0,2.0,3.8,3.34392,2.7,1.53,78.7174,,51.2,,0.01,16.4,,,55.1,3.8,1644.0,,,,14.5,5.3,,,89.7,91.4,249.22,350.46,359.57,,383.5,15.0,,1338.5,138.284,,,,,,,,,,,,,,1644.0,0
1986-12,2.2,2.9,4.8,2.4,6.6,201.0,,358.3,1.6,3.8,3.19712,2.7,1.49,79.3476,,50.5,,0.93,22.8,,,55.3,4.2,1903.0,,,,17.8,4.8,,,93.2,89.1,242.17,356.83,350.01,6.91,388.75,17.94,,1363.7,134.051,,,,,,,,,,,,,,1903.0,0
1987-01,,,,,6.6,169.0,,351.3,1.9,3.8,2.89035,2.8,0.6,78.9277,,54.9,,-0.98,5.8,,,53.7,3.8,1690.0,,,,12.2,4.7,,,85.4,90.4,274.08,398.11,392.06,,400.5,18.75,,1332.5,149.45,,,,,,,,,,,,,,1690.0,0
1987-02,,,,,6.6,241.0,,348.8,1.9,3.8,2.83411,2.5,2.64,79.8385,,52.6,,1.48,9.3,,,54.0,4.2,1689.0,,,,14.8,4.9,,,91.8,90.2,284.2,410.59,424.97,,405.85,16.6,,1406.2,161.799,,,,,,,,,,,,,,1689.0,0
1987-03,3.0,2.7,4.8,2.3,6.6,245.0,,333.3,2.0,4.0,2.82551,2.6,3.52,79.8055,,55.0,,0.13,5.5,,,58.8,4.3,1704.0,,,,15.0,4.6,,,95.8,90.8,291.7,435.35,436.85,6.13,420.32,18.83,,1432.2,165.987,,,,,,,,,,,,,,1704.0,0
1987-04,,,,,6.3,335.0,,336.3,2.1,4.2,3.07486,2.5,4.06,80.1758,,55.5,,0.24,14.4,,,58.9,3.8,1601.0,,,,15.2,4.8,,,97.4,92.8,288.36,460.21,412.62,,453.25,18.73,,1405.1,161.062,,,,,,,,,,,,,,1601.0,0
1987-05,,,,,6.3,229.0,,331.3,2.4,4.2,3.1879,2.5,4.54,80.5155,,57.2,,0.41,19.7,,,59.8,3.9,1500.0,,,,14.3,5.4,,,103.0,91.1,290.1,460.18,416.54,,451.0,19.38,,1469.2,160.221,,,,,,,,,,,,,,1500.0,0
1987-06,4.4,3.4,5.7,2.7,6.2,172.0,,322.3,2.2,4.1,3.16095,2.3,5.5,80.7902,,57.4,,0.28,13.0,,,56.7,3.6,1522.0,,,,15.3,5.3,,,102.1,91.5,304.0,459.24,426.68,6.73,447.3,20.29,,1579.7,164.116,,,,,,,,,,,,,,1522.0,0
1987-07,,,,,6.1,347.0,,324.8,2.2,4.0,3.24013,2.3,5.61,81.1772,,57.5,,0.64,15.5,,,65.4,4.1,1516.0,,,,15.4,5.4,,,105.8,93.7,318.66,467.74,434.93,,462.5,21.37,,1700.0,169.082,,,,,,,,,,,,,,1516.0,0
1987-08,,,,,6.0,173.0,,320.0,2.7,4.2,3.37795,2.5,6.55,81.6378,,59.3,,0.31,30.1,,,65.8,4.1,1511.0,,,,16.8,6.0,,,110.7,94.4,329.8,494.7,453.29,,453.4,19.73,,1685.5,173.745,,,,,,,,,,,,,,1511.0,0
1987-09,3.5,3.3,6.0,3.1,5.9,227.0,,306.0,2.8,4.3,3.44748,3.0,6.63,81.8095,,60.0,,0.44,26.3,,,68.0,4.4,1514.0,,,,15.8,6.0,,,115.7,93.6,321.83,485.4,441.88,7.22,459.5,19.59,,1816.4,170.405,,,,,,,,,,,,,,1514.0,0
1987-10,,,,,6.0,491.0,,299.8,2.9,4.3,3.5372,2.0,7.66,82.7829,,60.7,,0.69,27.2,,,69.9,4.6,1447.0,,,,14.0,6.8,,,115.1,89.3,251.79,402.28,323.3,,468.8,19.96,,1876.4,118.113,,,,,,,,,,,,,,1447.0,0
1987-11,,,,,5.8,234.0,,306.8,3.0,4.4,3.53352,2.0,7.78,83.0749,,58.8,,0.24,11.8,,,67.8,3.9,1457.0,,,,14.2,7.2,,,100.8,83.1,230.3,391.76,316.47,,492.5,18.51,,2542.1,111.57,,,,,,,,,,,,,,1457.0,0
1987-12,7.0,4.5,7.5,3.0,5.7,289.0,,317.8,3.0,4.2,3.61664,2.1,7.33,83.4335,,61.0,,0.53,29.6,,,70.0,3.3,1345.0,,,,15.4,8.1,,,107.7,86.8,247.08,407.99,333.19,6.77,484.1,16.7,,2759.0,120.306,,,,,,,,,,,,,,1345.0,0
1988-01,,,,,5.7,92.0,,340.8,3.0,4.3,3.85713,4.3,7.74,83.3283,,57.5,,-0.15,3.5,,,68.3,3.5,1244.0,,,,15.8,8.1,,,109.9,90.8,257.07,417.21,344.66,,458.0,16.94,,2148.8,125.323,,,,,,,,,,,,,,1244.0,0
1988-02,,,,,5.7,461.0,,318.8,2.7,4.3,3.85878,4.5,6.85,83.6774,,56.2,,0.49,18.3,,,63.5,3.7,1438.0,,,,16.2,8.0,,,114.9,91.6,267.82,440.68,363.4,,426.15,16.01,,1981.6,136.332,,,,,,,,,,,,,,1438.0,0
1988-03,2.1,4.2,7.4,3.1,5.7,275.0,,306.0,2.6,4.4,3.995,4.9,6.95,83.8133,,54.6,,0.43,12.8,,,63.5,3.8,1525.0,,,,15.8,8.1,,,112.7,94.6,258.89,453.23,372.54,6.58,456.95,17.08,,2390.2,142.497,,,,,,,,,,,,,,1525.0,0
1988-04,,,,,5.4,243.0,,313.0,3.1,4.3,4.05918,2.7,6.89,84.2599,,55.8,,0.25,26.8,,,56.9,4.0,1429.0,,,,15.2,8.6,,,115.7,91.2,261.33,458.16,379.24,,449.0,17.99,,2039.5,145.599,,,,,,,,,,,,,,1429.0,0
1988-05,,,,,5.6,230.0,,313.8,3.3,4.3,4.1211,2.8,6.02,84.0591,,55.5,,-0.03,17.8,,,59.3,4.0,1444.0,,,,15.6,8.1,,,120.2,94.8,262.16,448.23,366.66,,455.5,17.51,,2084.7,141.426,,,,,,,,,,,,,,1444.0,0
1988-06,5.4,4.5,8.0,4.1,5.4,364.0,,307.0,3.4,4.5,4.27473,3.1,5.75,84.2661,,59.3,,0.44,17.4,,,62.8,4.3,1485.0,,,,15.5,8.7,,,115.7,94.7,273.5,446.84,391.62,7.51,436.55,15.16,,2256.3,151.256,,,,,,,,,,,,,,1485.0,0
1988-07,,,,,5.4,224.0,,325.8,3.6,4.5,4.43007,3.4,5.03,84.2395,,58.2,,-0.02,23.7,,,71.4,3.8,1439.0,,,,15.4,9.0,,,113.5,93.4,272.02,454.48,387.33,,436.8,16.31,,2130.6,149.651,,,,,,,,,,,,,,1439.0,0
1988-08,,,,,5.6,124.0,,314.8,3.1,4.4,4.33689,3.5,4.8,84.6276,,56.0,,0.03,15.2,,,63.5,3.6,1460.0,,,,15.1,8.7,,,119.7,97.4,261.52,428.75,374.43,,427.75,15.18,,2290.7,145.418,,,,,,,,,,,,,,1460.0,0
1988-09,2.4,4.2,8.2,5.0,5.4,339.0,,301.0,3.5,4.4,4.48119,3.6,4.09,84.304,,54.5,,0.04,25.6,,,63.1,3.2,1436.0,,,,14.7,8.9,,,110.7,97.3,271.91,446.17,387.71,8.19,397.7,13.37,,2458.1,149.031,,,,,,,,,,,,,,1436.0,0
1988-10,,,,,5.4,263.0,,291.3,3.7,4.5,4.43258,3.8,3.1,84.623,,55.4,,0.48,27.2,,,59.9,3.4,1516.0,,,,14.8,8.8,,,116.9,94.1,278.97,475.07,382.79,,412.4,13.58,,2925.9,147.192,,,,,,,,,,,,,,1516.0,0
1988-11,,,,,5.3,341.0,,293.8,3.3,4.4,4.50078,3.8,2.86,84.7603,,55.6,,0.24,27.2,,,60.4,4.1,1508.0,,,,15.0,8.4,,,112.9,93.0,273.7,490.8,366.38,,422.6,15.32,,2992.4,142.034,,,,,,,,,,,,,,1508.0,0
1988-12,5.4,3.8,7.8,3.7,5.3,281.0,,292.0,3.4,4.7,4.6275,4.3,2.76,85.0642,,56.0,,0.55,22.7,,,59.7,4.0,1501.0,,,,16.1,7.8,,,119.4,91.9,277.72,494.43,381.38,8.76,410.25,17.24,,3090.9,147.281,,,,,,,,,,,,,,1501.0,0
1989-01,,,,,5.4,263.0,,289.8,3.9,4.6,4.66249,4.3,3.06,85.208,,54.7,,0.24,28.2,,,61.2,4.2,1466.0,,,,15.0,9.0,,,115.8,97.9,297.47,511.51,397.96,,394.0,17.03,,3108.0,153.703,,,,,,,,,,,,,,1466.0,0
1989-02,,,,,5.2,266.0,,313.0,4.2,4.8,4.71326,4.5,2.1,84.7168,,54.1,,-0.45,20.1,,,58.3,3.2,1383.0,,,,14.7,9.1,,,120.7,95.4,288.86,507.48,399.96,,387.0,18.15,,2958.7,154.564,,,,,,,,,,,,,,1383.0,0
1989-03,4.1,4.3,8.6,3.9,5.0,194.0,,321.5,4.2,4.7,4.57854,4.3,2.14,84.7889,,51.5,,-0.17,18.2,,,55.5,2.2,1214.0,,,,14.4,9.4,,,117.4,94.3,294.87,503.41,406.73,9.85,383.2,20.19,,2918.0,158.0,,,,,,,,,,,,,,1214.0,0
1989-04,,,,,5.2,170.0,,309.0,4.2,4.6,4.42239,4.2,1.54,84.6158,,52.2,,0.11,4.1,,,54.8,2.2,1376.0,,,,15.7,8.9,,,116.6,91.5,309.64,514.19,427.55,,377.55,20.42,,2974.6,164.712,,,,,,,,,,,,,,1376.0,0
1989-05,,,,,5.2,122.0,,324.5,3.4,4.6,4.37851,4.5,1.15,83.9786,,49.3,,-0.6,-10.2,,,51.3,1.4,1381.0,,,,14.9,8.4,,,116.7,90.7,320.52,500.76,445.21,,361.8,19.9,,2570.8,171.516,,,,,,,,,,,,,,1381.0,0
1989-06,3.1,3.7,8.1,4.4,5.3,114.0,,339.0,3.7,4.5,4.21632,4.9,0.87,83.7983,,47.3,,-0.2,-7.6,,,50.3,0.8,1322.0,,,,14.1,8.1,,,117.2,90.6,317.98,494.29,435.29,9.53,373.0,20.27,,2449.5,167.371,,,,,,,,,,,,,,1322.0,0
1989-07,,,,,5.2,42.0,,339.8,3.9,4.6,4.05957,4.3,-0.14,82.8088,,45.9,,-0.82,-16.9,,,49.3,0.3,1283.0,,,,14.4,7.7,,,120.4,92.0,346.08,549.29,452.82,,368.3,18.31,,2479.1,173.632,,,,,,,,,,,,,,1283.0,0
1989-08,,,,,5.2,51.0,,332.3,3.9,4.4,3.94593,4.3,0.33,83.4265,,45.1,,0.63,-9.4,,,45.8,0.5,1334.0,,,,16.2,7.3,,,115.4,89.6,351.45,535.17,466.75,,359.8,18.83,,2847.8,177.515,,,,,,,,,,,,,,1334.0,0
1989-09,3.0,3.9,7.8,3.0,5.3,249.0,,337.8,3.8,4.3,3.75086,4.4,0.32,82.9458,,46.0,,-0.51,-5.4,,,46.1,0.2,1314.0,,,,15.4,7.1,,,116.3,95.8,349.15,549.42,472.92,9.02,366.5,20.13,,2781.2,177.821,,,82.76,70.58,68.33,75.8588,92.56,75.36,58.93,82.42,95.71,78.8,,1314.0,0
1989-10,,,,,5.3,107.0,,363.3,3.9,4.3,3.73313,4.3,-0.23,82.6489,,46.8,,-0.42,-6.9,,,50.8,-0.5,1365.0,,,,13.3,7.1,,,117.0,93.9,340.36,530.23,452.76,,375.3,19.94,,2659.0,167.09,,,,,,,,,,,,,,1365.0,0
1989-11,,,,,5.4,276.0,,339.5,3.7,4.4,3.72468,4.3,-0.15,82.7278,,46.8,,0.14,-4.2,,,48.8,-0.6,1344.0,,,,13.1,7.2,,,115.1,90.9,345.99,550.53,456.63,,408.15,19.89,,2476.5,167.919,,,,,,,,,,,,,,1344.0,0
1989-12,0.8,2.7,6.4,2.8,5.4,84.0,,358.0,4.0,4.4,3.67544,4.2,-0.03,82.9946,,47.4,,0.0,-2.1,,,49.3,-0.8,1422.0,,,,13.3,6.7,,,113.0,90.5,353.4,567.34,454.82,8.45,401.25,21.82,,2400.3,168.228,,,76.14,64.7,72.56,71.2032,99.89,75.11,62.33,91.62,103.76,78.08,,1422.0,0
1990-01,,,,,5.4,353.0,,361.0,3.7,4.4,3.55018,3.9,-0.82,82.3733,,47.2,,-0.24,-7.5,,,47.4,-1.2,1748.0,,,,16.0,6.3,,,106.5,93.0,329.08,539.94,421.33,,415.05,22.68,,2180.7,153.333,,,,,,,,,,,,,,1748.0,0
1990-02,,,,,5.3,243.0,,354.0,4.1,4.6,3.78902,3.7,0.52,82.9404,,49.1,,0.53,-22.0,,,50.0,-1.4,1329.0,,,,14.1,6.4,,-0.5,106.7,89.5,331.89,515.89,419.52,,407.7,21.54,,2399.4,157.799,,,,,,,,,,,,,,1329.0,0
1990-03,4.4,2.8,6.6,4.4,5.2,205.0,,343.8,4.2,4.9,3.97787,3.9,0.74,83.1505,,49.9,,0.15,-21.8,,,52.9,-0.8,1246.0,,,,14.2,6.0,,0.3,110.6,91.3,339.94,483.82,435.54,8.28,368.5,20.28,,2558.2,163.69,,,68.03,70.06,68.07,69.6771,90.85,76.11,58.61,90.07,95.7,73.57,,1246.0,0
1990-04,,,,,5.4,34.0,,361.8,3.9,4.8,3.93854,4.0,0.57,82.7796,,50.0,,-0.69,-9.0,,,54.0,-1.4,1136.0,,,,14.0,6.6,,0.2,107.3,93.9,330.8,475.92,417.98,,367.75,18.54,,2439.2,158.157,,,,,,,,,,,,,,1136.0,0
1990-05,,,,,5.4,163.0,,358.8,4.4,4.8,3.94585,3.7,1.4,82.8617,,49.5,,0.01,-16.5,,,55.2,-1.1,1067.0,,,,13.7,6.8,,-0.1,107.3,90.6,361.23,525.1,453.69,,363.05,17.4,,2481.2,169.061,,,,,,,,,,,,,,1067.0,0
1990-06,1.5,2.4,6.2,4.6,5.2,23.0,,361.0,4.4,4.9,4.07333,3.5,1.75,82.9777,,49.2,,-0.04,-8.6,,,53.2,-1.1,1108.0,,,,13.9,6.9,,0.3,102.4,88.3,358.02,520.41,462.29,8.29,352.2,17.07,,2539.5,169.166,,,70.42,76.6,80.36,73.775,89.1,79.49,67.71,89.83,94.69,72.67,,1108.0,0
1990-07,,,,,5.5,-35.0,,367.0,4.1,5.0,4.06804,3.8,2.61,82.6936,,46.6,,-0.57,-18.1,,,50.3,-1.1,1078.0,,,,13.8,6.9,,0.2,101.7,88.2,356.15,524.18,442.59,,372.3,20.69,,2776.1,161.505,,,,,,,,,,,,,,1078.0,1
1990-08,,,,,5.7,-212.0,,390.0,4.2,5.5,4.35611,3.5,1.99,82.8569,,46.1,,-0.22,-18.1,,,49.1,-2.8,1069.0,,,,13.6,6.7,,0.0,84.7,76.4,322.56,474.13,381.21,,387.75,27.32,,2856.6,139.6,,,,,,,,,,,,,,1069.0,1
1990-09,0.3,1.7,5.6,3.5,5.9,-90.0,,394.5,4.2,5.5,4.35817,3.6,2.34,82.7583,,44.5,,-0.78,-43.4,,,48.8,-4.1,976.0,,,,14.0,6.8,,0.0,85.6,72.8,306.05,423.14,344.51,8.2,408.4,39.51,,2723.1,126.993,,,51.02,59.43,73.37,55.6584,79.98,62.76,60.95,93.06,88.08,61.51,,976.0,1
1990-10,,,,,5.9,-146.0,,425.3,3.7,5.3,4.33389,3.5,1.83,82.1312,,43.2,,-0.93,-48.2,,,46.0,-5.2,925.0,,,,13.5,5.6,,-0.6,62.6,63.9,304.0,461.64,334.36,,379.5,35.23,,2594.9,119.046,,,,,,,,,,,,,,925.0,1
1990-11,,,,,6.2,-154.0,,452.0,3.9,5.3,4.1829,3.6,0.25,81.0047,,41.3,,-1.35,-27.1,,,44.8,-7.1,941.0,,,,12.9,5.4,,-0.1,61.7,66.0,322.22,453.05,359.06,,384.85,28.85,,2489.5,127.806,,,,,,,,,,,,,,941.0,1
1990-12,-3.6,0.6,4.5,3.1,6.3,-52.0,,456.0,3.7,5.2,4.03196,3.5,-1.01,80.3427,,40.8,,-0.95,-37.1,,,43.7,-8.0,861.0,,,,12.7,5.7,,-0.4,61.2,65.5,330.22,461.53,371.2,7.31,382.8,28.44,,2535.9,132.401,,,57.56,65.01,82.82,60.5674,82.24,67.38,70.06,90.34,96.17,67.2,,861.0,1
1991-01,,,,,6.4,-117.0,,456.8,3.6,5.6,4.14998,4.1,-0.87,79.9936,,39.2,,-1.07,-32.0,,,41.9,-9.1,786.0,,,,11.6,4.3,,-0.8,55.1,66.8,343.93,477.39,394.28,,366.0,21.54,,2404.2,144.183,,,,,,,,,,,,,,786.0,1
1991-02,,,,,6.6,-320.0,,485.3,3.2,5.6,3.93321,4.0,-2.46,79.3375,,39.4,,-0.84,-22.0,,,44.3,-9.1,853.0,,,,12.2,3.7,,0.5,59.4,70.4,367.07,520.57,448.95,,362.7,19.16,,2445.8,159.96,,,,,,,,,,,,,,853.0,1
1991-03,-1.9,-1.0,2.8,3.9,6.8,-162.0,,501.3,3.0,5.2,3.65164,3.9,-3.47,78.8116,,40.7,,-0.87,-11.6,,,44.2,-9.6,911.0,,,,12.6,3.4,,1.1,81.1,87.7,375.22,504.26,482.3,6.12,355.65,19.63,,2375.1,171.01,,,72.0,74.17,98.02,73.4017,84.53,77.53,82.1,95.4,98.89,73.08,,911.0,1
1991-04,,,,,6.7,-217.0,,467.3,3.4,5.1,3.55069,3.9,-3.02,78.9476,,42.8,,0.02,-6.5,,,42.0,-8.4,916.0,,,,10.4,3.1,,-0.3,79.4,81.8,375.35,507.24,494.64,,357.75,20.96,,2387.5,170.333,,,,,,,,,,,,,,916.0,0
1991-05,,,,,6.9,-102.0,,442.3,3.2,5.1,3.64634,3.7,-2.32,79.6602,,44.5,,-0.03,3.9,,,47.0,-7.7,991.0,,,,10.9,3.4,,0.2,76.4,78.3,389.83,517.76,506.11,,360.4,21.13,,2123.4,178.147,,,,,,,,,,,,,,991.0,0
1991-06,3.2,-0.5,2.8,2.9,6.9,88.0,,427.8,3.1,5.0,3.46816,3.5,-1.88,80.229,,50.3,,0.04,13.0,,,47.9,-7.7,964.0,,,,11.1,3.5,,0.0,78.0,82.1,371.16,484.85,475.92,5.9,368.35,20.56,,2221.7,167.512,,,70.63,67.54,96.91,75.4513,82.78,79.4,78.32,91.54,94.37,79.93,,964.0,0
1991-07,,,,,6.8,-48.0,,418.3,3.1,4.8,3.52226,3.4,-1.48,80.3605,,50.6,,0.13,19.9,,,49.8,-6.3,973.0,,,,11.3,2.8,,0.4,77.7,82.9,387.81,506.78,492.69,,362.85,21.68,,2240.3,173.121,,,,,,,,,,,,,,973.0,0
1991-08,,,,,6.9,12.0,,430.0,3.1,4.6,3.37597,3.4,-1.83,80.2919,,52.9,,-0.34,27.0,,,54.5,-4.8,944.0,,,,11.0,3.2,,-0.2,76.1,82.0,395.43,504.2,525.68,,347.4,22.26,,2245.2,179.193,,,,,,,,,,,,,,944.0,0
1991-09,2.0,-0.1,3.2,3.1,6.9,31.0,,424.5,2.9,4.5,3.4282,3.2,-1.01,80.8617,,54.9,,0.26,20.0,,,54.4,-2.8,974.0,,,,11.5,3.3,,0.0,72.9,83.0,387.86,516.43,524.48,5.45,354.9,22.23,,2326.3,180.328,,,76.9,68.71,105.5,78.4398,83.58,79.09,84.31,95.7,104.08,79.4,,974.0,0
1991-10,,,,,7.0,29.0,,428.5,2.8,4.4,3.30543,3.3,-0.53,80.6759,,53.1,,-0.38,9.5,,,55.6,-1.5,991.0,,,,10.8,3.8,,-0.4,60.1,78.3,392.46,523.82,525.13,,357.45,23.37,,2340.2,184.899,,,,,,,,,,,,,,991.0,0
1991-11,,,,,7.0,-62.0,,445.0,2.8,4.5,3.37328,3.1,0.57,80.4548,,49.5,,-0.37,1.3,,,53.0,0.3,984.0,,,,12.0,4.1,,0.4,52.7,69.1,375.22,499.99,523.9,,366.3,21.48,,2274.0,176.059,,,,,,,,,,,,,,984.0,0
1991-12,1.4,1.2,4.3,2.3,7.3,30.0,,456.8,2.8,4.4,3.48437,3.1,0.83,79.962,,46.8,,-0.79,-18.7,,,48.9,1.2,1061.0,,,,11.3,4.6,,0.0,52.5,68.2,417.09,535.36,565.71,4.43,353.15,19.12,,2182.3,189.8,,,82.78,69.3,124.4,83.7412,88.73,84.89,96.96,92.5,111.55,81.67,,1061.0,0
1992-01,,,,,7.3,37.0,,441.0,2.6,3.9,3.25129,2.7,0.67,79.3991,,47.3,,-0.07,-2.2,,,49.1,3.5,1077.0,,,,12.4,5.5,,1.4,50.2,67.5,408.79,524.45,620.21,,354.1,18.9,,2208.0,205.013,,,,,,,,,,,,,,1077.0,0
1992-02,,,,,7.4,-55.0,,442.8,2.7,3.8,3.24721,2.5,2.12,79.8149,-3.2,52.7,,0.1,0.6,,,50.2,4.2,1146.0,,-0.2,,12.7,6.1,,0.0,47.3,68.8,412.7,514.4,633.47,,353.75,18.68,,2273.0,210.691,,,,,,,,,,,,,,1146.0,0
1992-03,4.9,2.9,5.4,1.6,7.4,49.0,,429.5,2.8,3.9,3.28888,2.6,3.53,80.3214,6.8,54.6,,0.42,15.0,,,50.9,5.4,1082.0,,0.0,,12.6,6.4,,0.2,56.5,76.0,403.69,489.18,604.67,3.98,341.7,19.44,,2234.0,203.259,,,82.55,72.76,107.93,88.0847,81.93,85.11,92.65,83.35,101.53,85.45,,1082.0,0
1992-04,,,,,7.4,154.0,,423.0,2.5,3.9,3.42088,2.7,4.01,80.7713,7.6,52.6,,0.22,20.1,,,54.4,5.2,1054.0,,0.4,,12.3,6.4,,0.0,65.1,77.2,414.95,494.99,572.89,,336.35,20.85,,2221.0,195.932,,,,,,,,,,,,,,1054.0,0
1992-05,,,,,7.6,133.0,,414.0,2.4,3.8,3.15535,2.8,3.33,80.8582,5.4,55.7,,-0.04,17.0,,,55.8,5.5,1056.0,,0.2,,12.9,6.7,,0.5,71.9,79.2,415.35,513.67,585.31,,337.5,22.11,,2238.0,198.225,,,,,,,,,,,,,,1056.0,0
1992-06,4.4,3.2,5.6,2.4,7.8,69.0,,418.8,2.4,3.8,3.01239,2.5,2.58,80.7276,6.6,53.6,,0.04,15.0,,,56.2,6.2,1057.0,,0.0,,13.3,6.5,,0.2,72.6,80.4,408.14,495.42,547.84,3.76,343.4,21.6,,2434.0,188.56,,,86.47,71.16,102.15,88.0721,87.09,83.21,91.62,91.56,106.37,87.35,,1057.0,0
1992-07,,,,,7.7,82.0,,446.8,2.4,3.7,3.08788,2.4,3.24,81.2728,-6.9,53.9,,0.39,27.8,,,58.4,5.6,1089.0,,0.6,,12.6,6.9,,0.3,61.2,76.6,424.21,495.64,580.83,,357.85,21.87,,2534.0,194.906,,,,,,,,,,,,,,1089.0,0
1992-08,,,,,7.6,124.0,,403.3,2.5,3.5,2.8995,2.1,2.66,80.6532,-3.4,53.4,,-0.59,16.7,,,57.9,5.8,1075.0,,0.9,,12.6,7.0,,-0.4,59.0,76.1,414.03,506.64,563.56,,342.0,21.48,,2483.0,189.108,,,,,,,,,,,,,,1075.0,0
1992-09,4.0,3.7,5.8,1.9,7.6,31.0,,412.5,2.3,3.3,2.65642,1.9,2.1,80.7402,-0.5,49.7,,0.08,21.0,,,57.7,5.2,1114.0,,0.2,,13.1,6.1,,1.2,57.3,75.6,417.8,500.95,577.2,3.22,350.0,21.71,,2371.0,193.16,,,87.55,68.39,98.74,89.8032,92.75,84.68,98.93,97.22,111.46,83.75,,1114.0,0
1992-10,,,,,7.3,181.0,,372.8,2.5,3.5,2.82463,2.1,2.96,81.1307,4.2,50.3,,0.19,-4.9,,,50.2,5.5,1132.0,,0.9,,13.4,5.6,,0.4,54.6,73.3,418.68,486.38,605.17,,341.0,20.62,,2298.0,199.082,,,,,,,,,,,,,,1132.0,0
1992-11,,,,,7.4,145.0,,362.3,2.5,3.4,2.85728,2.0,3.51,81.2864,-1.4,53.6,,0.1,18.2,,,53.7,6.4,1118.0,,0.3,,13.0,5.6,,0.2,65.6,85.3,431.35,494.11,649.49,,336.0,19.89,,2226.7,214.011,,,,,,,,,,,,,,1118.0,0
1992-12,4.2,4.4,6.6,2.8,7.4,220.0,,336.8,2.3,3.3,2.79511,2.0,4.1,81.2604,8.3,54.2,,0.43,25.4,,,58.4,7.9,1176.0,,1.3,,13.5,8.5,,0.6,78.1,91.0,435.71,497.13,665.7,2.92,334.5,19.5,,2291.2,221.157,,,99.13,69.7,101.91,98.3652,98.5,90.64,99.9,90.33,111.94,87.55,,1176.0,0
1993-01,,,,,7.3,295.0,,346.8,2.6,3.5,2.81422,1.9,5.09,81.447,0.4,55.8,,0.21,31.1,,,62.1,7.8,1177.0,,0.5,5.3,13.2,5.1,,-0.2,76.7,89.3,438.78,497.83,696.34,,332.5,20.26,,2211.8,228.456,,,,,,,,,,,,,,1177.0,0
1993-02,,,,,7.1,249.0,,338.3,2.5,3.6,2.73138,2.0,4.82,81.698,9.9,55.2,,0.14,34.3,,,61.0,8.2,1148.0,,-0.3,5.1,12.7,5.0,,0.2,68.5,86.6,443.38,508.67,670.77,,329.5,20.6,,2158.6,222.899,,,,,,,,,,,,,,1148.0,0
1993-03,0.7,3.3,5.8,2.4,7.0,-52.0,,351.0,2.7,3.4,2.69957,1.9,3.89,81.502,7.2,53.5,,-0.47,16.2,,,59.6,7.3,1056.0,,-0.5,4.6,12.0,4.5,,-0.6,63.2,85.9,451.67,537.2,681.54,3.07,339.0,20.44,,2167.6,229.796,,,108.2,76.8,87.4,104.3681,108.29,94.13,96.76,100.25,123.2,88.74,,1056.0,0
1993-04,,,,,7.1,303.0,,349.3,2.5,3.5,2.66114,2.0,3.41,81.6217,2.7,50.2,,0.23,23.3,,,56.1,7.4,1104.0,,1.4,5.6,14.3,4.9,,1.1,67.6,85.6,440.19,561.12,661.42,,356.0,20.53,,1879.0,223.273,,,,,,,,,,,,,,1104.0,0
1993-05,,,,,7.1,275.0,,343.8,2.6,3.4,2.86434,1.8,2.68,81.1916,0.8,51.2,,-0.08,14.8,,,52.7,6.7,1112.0,,0.9,6.2,14.2,4.6,,0.1,61.9,80.3,450.19,573.07,700.53,,374.75,20.02,,1795.5,232.13,,,,,,,,,,,,,,1112.0,0
1993-06,2.3,2.8,5.2,2.4,7.0,181.0,,340.5,2.4,3.3,2.88233,1.6,2.85,81.2566,5.5,49.6,,0.02,3.5,,,53.7,6.3,1130.0,,-0.1,6.1,14.2,3.9,,0.6,58.6,81.5,450.53,567.29,694.81,3.04,378.1,18.85,,1894.4,233.988,,,109.14,78.58,87.49,99.9907,113.79,97.38,89.18,101.7,125.37,89.65,,1130.0,0
1993-07,,,,,6.9,309.0,,355.0,2.4,3.2,2.70731,1.6,2.16,81.3428,4.5,50.2,,-0.02,-3.2,,,52.4,5.9,1174.0,,0.9,6.4,14.2,4.1,,0.5,59.2,77.0,448.13,578.02,704.7,,407.3,17.88,,1965.7,237.018,,,,,,,,,,,,,,1174.0,0
1993-08,,,,,6.8,149.0,,341.0,2.4,3.3,2.80542,0.6,2.61,81.1291,9.3,50.7,,-0.03,-0.3,,,52.2,6.4,1230.0,,-0.2,5.2,13.3,4.0,,0.2,59.3,77.3,463.56,603.56,734.07,,372.1,18.29,,1945.5,246.937,,,,,,,,,,,,,,1230.0,0
1993-09,1.9,2.3,4.8,2.0,6.7,245.0,,338.8,2.6,3.2,2.79314,0.4,2.82,81.4164,6.2,50.8,,0.38,7.3,,,55.2,6.5,1251.0,,1.0,6.0,13.7,4.1,,0.4,63.8,77.9,458.93,591.44,754.65,3.09,355.4,18.79,,1677.5,253.616,,,115.71,79.76,82.83,103.6929,117.67,99.59,86.77,106.69,130.27,88.09,,1251.0,0
1993-10,,,,,6.8,280.0,,354.0,2.6,3.0,2.56699,0.1,2.88,81.8692,3.2,53.4,,0.34,8.9,,,56.4,7.2,1287.0,,0.3,5.5,14.6,4.1,,0.3,60.5,82.7,467.83,606.77,779.26,,369.5,16.92,,1635.7,259.945,,,,,,,,,,,,,,1287.0,0
1993-11,,,,,6.6,256.0,,341.0,2.6,3.1,2.60745,0.3,2.97,82.0917,8.0,53.8,,0.28,18.9,,8.0,60.4,6.8,1357.0,,0.5,5.6,14.6,4.2,,0.3,71.9,81.2,461.79,571.49,754.41,,370.7,15.43,,1649.2,251.085,,,,,,,,,,,,,,1357.0,0
1993-12,5.6,2.6,5.0,2.4,6.5,334.0,,324.0,2.7,3.2,2.46314,0.4,3.39,82.3931,4.8,55.6,,0.48,41.4,,12.0,60.3,7.0,1461.0,,0.7,4.9,14.7,3.8,,0.4,79.8,88.2,466.45,598.5,776.8,2.96,390.7,14.17,,1788.2,259.338,,,106.81,83.96,90.72,110.9579,109.18,105.0,93.63,100.4,120.71,96.79,,1461.0,0
1994-01,,,,,6.6,274.0,,363.8,2.6,2.9,2.24661,0.5,3.3,82.4707,13.5,56.0,,0.07,27.2,,16.0,60.1,6.2,1390.0,,-0.8,3.6,15.1,4.4,,-0.4,82.6,94.3,481.61,637.01,796.53,,381.9,15.19,,1865.7,267.261,,,,,,,,,,,,,,1390.0,0
1994-02,,,,,6.6,181.0,,348.5,2.8,2.8,2.27283,0.4,2.9,82.3162,6.8,56.5,,0.19,21.3,,5.0,61.6,6.0,1269.0,,1.3,5.4,15.3,4.1,,1.4,79.9,93.2,467.14,627.79,783.78,,381.75,14.48,,1886.7,266.009,,,,,,,,,,,,,,1269.0,0
1994-03,3.9,3.4,5.7,2.1,6.5,461.0,,334.3,2.4,2.9,2.39727,0.3,4.02,82.9362,7.6,56.9,,0.96,19.8,,19.0,64.9,7.4,1342.0,,1.9,7.9,15.0,4.8,,0.1,86.7,91.5,445.77,599.74,783.45,3.34,391.0,14.79,,1900.5,251.641,,,101.53,87.46,80.42,106.4778,102.77,102.27,89.04,96.94,105.71,97.11,,1342.0,0
1994-04,,,,,6.4,347.0,,344.5,2.5,2.8,2.25372,0.0,4.35,83.194,8.9,57.4,,0.23,16.7,,16.0,66.8,7.3,1392.0,,-0.4,6.0,15.7,4.8,,0.1,92.1,92.6,450.91,617.3,733.84,,377.05,16.9,,1945.3,252.948,,,,,,,,,,,,,,1392.0,0
1994-05,,,,,6.1,336.0,,359.0,2.5,2.8,2.13571,0.3,5.24,83.3452,13.9,58.2,,0.41,22.1,,18.0,67.2,7.8,1396.0,,0.2,5.3,14.3,4.8,,0.1,88.9,92.8,456.5,617.91,733.14,,387.3,18.31,,2248.5,249.761,,,,,,,,,,,,,,1396.0,0
1994-06,5.5,4.2,6.4,1.9,6.1,314.0,,337.3,2.5,2.9,2.26514,0.6,5.7,83.6506,12.0,58.8,,0.42,25.0,,20.0,65.9,8.3,1357.0,,1.2,6.7,14.8,5.1,,0.4,92.5,91.2,444.27,615.19,693.79,4.25,386.3,19.37,,2370.0,240.962,,,106.68,81.78,85.11,103.0254,107.54,98.96,87.53,98.63,97.21,98.1,,1357.0,0
1994-07,,,,,6.1,370.0,,344.3,2.6,2.9,2.26799,0.5,5.59,83.4915,11.0,58.5,,0.04,17.8,,18.0,67.0,8.6,1335.0,,0.5,6.3,14.5,5.1,,0.0,91.3,89.0,458.26,625.89,722.16,,383.6,20.3,,2442.0,244.671,,,,,,,,,,,,,,1335.0,0
1994-08,,,,,6.0,292.0,,336.3,2.5,2.9,2.19151,1.9,6.4,83.7838,15.1,58.0,,0.78,18.5,,22.0,64.2,8.7,1377.0,,1.1,7.7,15.1,5.0,,0.7,90.4,91.7,475.49,643.74,762.94,,386.6,17.56,,2506.0,257.918,,,,,,,,,,,,,,1377.0,0
1994-09,2.4,4.3,6.5,2.1,5.9,354.0,,328.0,2.6,3.0,2.19273,2.0,6.21,83.7623,14.5,59.0,,0.11,18.5,,21.0,63.7,9.0,1412.0,,0.3,7.0,14.9,5.8,,0.1,89.5,91.5,462.69,625.81,764.29,4.73,394.25,18.39,,2501.0,256.69,,,104.12,92.1,97.69,102.5186,107.25,100.69,96.76,99.06,98.97,108.69,,1412.0,0
1994-10,,,,,5.8,205.0,,334.3,2.6,2.9,2.26566,1.8,6.21,84.1694,11.9,59.4,,0.61,26.1,,23.0,64.8,8.9,1397.0,,0.7,7.4,15.6,7.0,,0.5,89.1,92.7,472.35,642.57,776.15,,384.5,18.19,,2663.5,255.407,,,,,,,,,,,,,,1397.0,0
1994-11,,,,,5.6,415.0,,327.0,2.7,2.8,2.18949,1.6,6.41,84.4489,14.3,59.2,,0.49,24.7,,11.0,63.2,8.7,1340.0,,0.0,6.9,15.5,6.7,,0.2,100.4,91.6,453.69,613.68,742.52,,381.4,18.05,,2925.0,244.736,,,,,,,,,,,,,,1340.0,0
1994-12,4.7,4.1,6.3,2.2,5.5,303.0,,323.0,2.6,2.6,2.17805,1.6,6.92,85.0057,12.0,56.1,,0.59,23.3,,17.0,63.9,7.9,1396.0,,0.8,7.1,15.2,3.6,,0.1,103.4,95.1,459.27,618.59,751.96,5.45,383.2,17.76,,3029.0,250.872,,,100.0,100.0,100.0,100.0,100.0,100.0,100.0,100.0,100.0,100.0,,1396.0,0
1995-01,,,,,5.6,328.0,,333.5,2.5,2.9,2.3512,1.5,6.75,84.8791,9.2,57.4,,0.11,8.8,,14.0,63.7,8.2,1282.0,,0.4,8.3,14.4,6.4,,,101.4,97.6,470.42,608.26,758.91,,375.1,18.39,,2966.0,247.428,,,,,,,,,,,,,,1282.0,0
1995-02,,,,,5.4,189.0,,341.5,2.4,3.0,2.2969,1.7,6.52,84.4876,12.6,55.1,,-0.25,9.2,,12.0,64.3,7.8,1254.0,,-1.2,5.6,14.5,6.5,,,99.4,95.1,487.39,616.07,791.08,,377.1,18.49,,2844.0,257.354,,,,,,,,,,,,,,1254.0,0
1995-03,1.4,3.5,5.7,2.3,5.4,214.0,,339.3,2.7,3.0,2.19992,1.8,5.63,84.3121,12.4,52.1,,-0.09,2.0,,7.0,56.3,6.4,1226.0,,0.7,4.4,14.9,6.4,,,100.2,90.3,500.71,644.67,817.21,5.98,391.4,19.17,,2924.0,261.362,,,111.81,111.95,110.58,107.2018,105.48,110.84,108.0,110.34,103.89,107.65,,1226.0,0
1995-04,,,,,5.8,158.0,,354.0,2.6,3.1,2.2842,2.0,4.84,83.869,6.1,51.5,,-0.55,-11.1,,-8.0,56.4,5.7,1259.0,,0.3,5.1,14.0,5.7,,,104.6,92.5,514.71,666.04,843.98,,387.1,20.38,,2780.0,266.931,,,,,,,,,,,,,,1259.0,0
1995-05,,,,,5.6,-15.0,,370.3,2.7,3.1,2.23025,2.0,4.83,83.9723,8.1,46.7,,0.02,-8.5,,-2.0,53.0,5.1,1271.0,,0.8,5.7,14.5,5.5,,,102.0,89.8,533.4,670.63,871.87,,384.3,18.89,,2841.0,271.083,,,,,,,,,,,,,,1271.0,0
1995-06,1.2,2.4,4.6,2.0,5.6,236.0,,364.5,2.8,3.0,2.09232,1.9,4.49,83.9443,4.3,45.9,,0.21,-20.8,,-9.0,47.2,4.3,1305.0,,0.4,4.9,15.1,5.9,,,94.6,92.7,544.75,669.32,933.45,6.0,384.6,17.4,,2960.0,284.755,,,124.68,140.02,120.74,113.3938,109.92,118.58,117.71,112.48,112.06,116.34,,1305.0,0
1995-07,,,,,5.7,91.0,,375.5,2.9,3.0,2.03928,2.0,3.89,83.2835,3.1,50.7,,-0.58,-20.2,,-10.0,51.0,3.9,1354.0,,0.2,4.6,14.4,5.9,,,101.4,94.4,562.06,701.69,1005.28,,382.6,17.56,,2893.0,300.91,,,,,,,,,,,,,,1354.0,0
1995-08,,,,,5.7,262.0,,357.3,2.9,2.9,2.16956,1.9,4.57,84.0464,6.0,47.1,,0.71,1.2,,-7.0,50.1,3.6,1386.0,,0.4,3.9,15.0,5.9,,,102.4,96.2,561.88,684.96,1019.98,,382.75,17.84,,2923.0,306.698,,,,,,,,,,,,,,1386.0,0
1995-09,3.5,2.7,4.8,1.8,5.6,241.0,,363.8,3.0,2.9,2.14862,2.0,4.67,84.0356,9.6,48.1,,0.12,26.2,,-5.0,47.8,3.3,1421.0,,0.7,4.2,15.0,5.8,,,97.3,88.9,584.41,703.8,1043.54,5.8,384.0,17.54,,2888.0,311.744,,,143.26,147.24,136.66,115.9436,128.35,125.42,125.67,113.88,116.92,119.11,,1421.0,0
1995-10,,,,,5.5,149.0,,371.5,2.9,3.0,2.15679,2.5,3.7,83.5543,4.6,46.7,,-0.29,21.7,,-8.0,54.5,2.5,1400.0,,-0.6,2.9,14.5,5.1,,,96.3,90.2,581.5,691.6,1025.55,,383.0,17.64,,2712.0,297.528,,,,,,,,,,,,,,1400.0,0
1995-11,,,,,5.6,139.0,,375.3,2.9,3.0,2.03567,2.8,3.25,83.4004,4.4,45.9,,0.02,5.5,,-3.0,48.6,2.2,1430.0,,1.2,4.1,15.1,5.2,,,101.6,88.2,605.37,714.51,1030.17,,387.8,18.18,,2713.0,309.604,,,,,,,,,,,,,,1430.0,0
1995-12,2.7,2.2,4.3,1.9,5.6,157.0,,363.0,3.0,3.0,2.14479,2.6,2.59,83.3221,5.7,46.2,,0.07,19.6,,-8.0,55.6,1.6,1442.0,,0.9,4.2,15.9,5.1,,,99.2,91.0,615.93,734.28,1052.14,5.6,387.1,19.55,,2657.0,317.27,,,149.64,138.77,154.5,118.187,137.33,135.93,136.22,125.97,125.19,117.29,,1442.0,0
1996-01,,,,,5.6,-7.0,,374.0,3.3,3.0,2.00657,2.2,1.84,82.5181,4.9,45.5,,-0.86,-14.7,,-10.0,50.5,-0.4,1387.0,,-1.2,2.6,14.5,5.0,,,88.4,89.3,636.02,746.45,1040.96,,406.3,17.74,,2509.0,316.696,,,,,,,,,,,,,,1387.0,0
1996-02,,,,,5.5,416.0,,375.8,3.0,2.9,1.97268,2.1,3.46,83.3398,1.6,45.9,,0.71,4.8,,-4.0,47.8,0.5,1420.0,,0.9,4.7,15.2,5.6,,,98.0,88.5,640.43,749.86,1117.79,,400.75,19.54,,2514.0,326.133,,,,,,,,,,,,,,1420.0,0
1996-03,3.0,2.6,4.6,1.9,5.5,256.0,,391.0,2.9,2.8,1.95913,1.9,3.15,82.8259,5.1,46.9,,-0.15,-3.5,,-23.0,49.3,0.9,1437.0,,1.1,5.2,15.7,5.8,,,98.4,93.7,645.5,761.18,1101.38,5.31,395.45,21.47,,2534.0,332.274,,,161.3,145.98,159.9,127.4539,130.56,145.32,140.41,131.95,121.18,132.28,,1437.0,0
1996-04,,,,,5.6,166.0,,359.3,3.5,2.7,1.86026,1.6,4.37,83.2807,6.1,49.3,,0.4,21.3,,-3.0,50.7,1.2,1463.0,,1.0,6.0,15.2,6.0,,,104.8,92.7,654.17,777.93,1186.89,,391.65,21.2,,2596.0,349.746,,,,,,,,,,,,,,1463.0,0
1996-05,,,,,5.6,333.0,,345.0,3.3,2.7,1.86436,1.6,4.63,83.5058,7.9,49.1,,0.37,19.6,,5.0,52.5,2.0,1457.0,,0.6,5.7,15.7,6.4,,,103.5,89.4,669.12,777.44,1243.44,,391.0,19.76,,2448.0,363.087,,,,,,,,,,,,,,1457.0,0
1996-06,6.8,4.0,6.0,1.6,5.3,281.0,,342.8,3.4,2.7,1.85405,1.6,5.08,83.7438,6.9,53.6,,0.34,21.2,,4.0,53.2,2.6,1429.0,,0.1,5.4,14.9,6.6,,,100.1,92.4,670.63,780.2,1185.02,5.27,380.45,20.92,,1943.0,347.694,,,162.61,159.84,165.77,131.7284,133.58,151.48,153.98,137.05,125.39,124.26,,1429.0,0
1996-07,,,,,5.5,246.0,,337.0,3.3,2.7,1.88437,1.4,5.54,83.3555,12.3,49.7,,0.04,29.0,,5.0,49.7,2.4,1450.0,,0.0,5.3,14.7,6.1,,,107.0,94.7,639.95,751.45,1079.43,,387.05,20.42,,1955.0,317.001,,,,,,,,,,,,,,1450.0,0
1996-08,,,,,5.1,185.0,,333.3,3.4,2.6,1.7285,1.5,4.68,83.3919,1.4,51.6,,0.19,13.8,,6.0,57.4,2.1,1413.0,,0.3,5.2,15.1,6.2,,,112.0,95.3,651.99,758.9,1141.5,,386.5,22.25,,2039.0,334.912,,,,,,,,,,,,,,1413.0,0
1996-09,3.6,4.1,5.8,2.0,5.2,201.0,,342.8,3.5,2.7,1.90331,1.4,4.94,83.5254,3.8,51.1,,0.29,12.9,,-2.0,55.5,2.1,1392.0,,0.7,5.2,15.2,6.3,,,111.8,94.7,687.31,787.44,1230.05,5.3,378.4,24.38,,1928.0,347.496,,,174.81,174.65,176.32,129.4278,119.75,157.6,156.39,138.27,119.43,129.76,,1392.0,0
1996-10,,,,,5.2,261.0,,338.8,3.5,2.6,1.89725,1.0,5.07,83.1236,6.9,50.5,,0.02,8.2,,2.0,58.0,2.7,1358.0,,0.9,6.8,15.0,6.2,,,107.3,96.5,705.27,791.75,1222.6,,378.05,23.35,,1958.0,341.751,,,,,,,,,,,,,,1358.0,0
1996-11,,,,,5.4,286.0,,337.0,3.6,2.6,1.96493,0.6,5.76,83.4621,7.5,53.0,,0.46,11.1,,5.0,58.0,3.5,1412.0,,0.4,6.0,15.4,6.4,,,109.5,99.2,757.02,834.93,1292.61,,371.65,23.75,,2242.0,355.402,,,,,,,,,,,,,,1412.0,0
1996-12,4.2,4.4,6.3,1.7,5.4,196.0,,353.5,3.7,2.6,1.8604,0.6,6.03,83.5793,1.5,55.2,,0.04,8.1,,7.0,57.4,3.5,1411.0,,0.5,5.6,14.8,6.5,,,114.2,96.9,740.74,820.36,1291.38,5.29,367.7,25.92,,2127.0,364.12,,,197.34,198.81,183.49,130.655,134.33,166.83,167.8,153.35,125.41,132.99,,1411.0,0
1997-01,,,,,5.3,218.0,,335.5,3.5,2.5,1.854,0.7,6.82,83.3331,3.3,53.8,,0.27,12.8,,2.0,57.3,6.0,1382.0,,0.2,7.0,15.4,6.7,,,118.7,97.4,786.16,829.08,1379.85,,344.35,24.15,,2186.0,371.059,,,,,,,,,,,,,,1382.0,0
1997-02,,,,,5.2,312.0,,317.8,3.8,2.5,1.93022,0.6,6.55,83.9,8.2,53.1,,0.78,16.9,,-2.0,57.1,6.2,1445.0,,0.8,7.0,15.0,6.2,,,118.9,99.7,790.82,837.44,1309.0,,363.45,20.3,,2378.0,361.633,,,,,,,,,,,,,,1445.0,0
1997-03,2.6,4.3,6.3,1.8,5.2,314.0,,319.0,4.0,2.5,1.93718,0.7,7.34,84.0169,2.4,53.8,,0.27,13.4,,12.0,57.6,6.3,1436.0,,0.6,6.4,15.5,6.1,,,118.5,100.0,757.12,819.68,1249.51,5.39,351.25,20.41,,2372.0,344.036,,,205.24,200.57,191.72,135.0712,131.11,166.4,174.78,161.04,119.66,133.41,,1436.0,0
1997-04,,,,,5.1,295.0,,331.3,3.6,2.7,1.99866,0.7,6.34,83.6618,10.1,53.7,,0.08,6.6,,11.0,57.0,6.3,1421.0,,-0.7,4.7,14.7,5.7,,,118.5,101.4,801.34,845.28,1209.29,,339.5,20.21,,2379.0,344.648,,,,,,,,,,,,,,1421.0,0
1997-05,,,,,4.9,267.0,,319.3,3.8,2.5,1.89565,0.2,6.15,83.6984,1.2,56.1,,0.19,1.1,,10.0,57.4,5.9,1414.0,,0.0,4.0,14.8,5.5,,,127.9,103.2,848.28,896.24,1400.32,,344.65,20.88,,2529.0,382.474,,,,,,,,,,,,,,1414.0,0
1997-06,6.8,4.3,6.0,2.0,5.0,265.0,,325.5,3.6,2.4,1.96809,0.1,5.83,83.6264,8.3,54.9,,0.38,18.2,,11.0,59.9,6.2,1402.0,,0.7,4.7,14.2,5.3,,,129.9,104.5,885.14,939.75,1438.15,5.56,333.95,19.8,,2422.0,398.295,,,241.83,245.95,239.79,151.4715,146.64,199.79,204.06,179.41,124.87,149.72,,1402.0,0
1997-07,,,,,4.9,296.0,,313.8,3.6,2.4,1.84668,0.0,6.68,83.8625,9.0,57.7,56.7,0.62,20.0,,4.0,58.3,7.5,1440.0,,0.8,5.5,15.2,5.8,,,126.3,107.1,954.29,981.84,1569.58,,324.55,20.14,,2318.0,416.444,,,,,,,,,,,,,,1440.0,0
1997-08,,,,,4.9,-20.0,,332.8,4.0,2.3,1.71754,-0.1,7.26,84.2102,11.0,56.3,62.0,0.28,17.2,,5.0,62.9,7.6,1449.0,,0.2,5.4,15.8,6.1,,,127.6,104.4,899.47,914.97,1587.32,,324.15,19.61,,2195.0,425.554,,,,,,,,,,,,,,1449.0,0
1997-09,5.1,4.7,6.5,1.2,4.9,485.0,,315.3,3.8,2.2,1.62052,0.4,7.58,84.4781,9.2,53.9,56.2,0.61,19.1,,23.0,58.9,7.9,1494.0,,0.7,5.4,14.7,6.1,,,130.2,106.0,947.28,963.49,1682.24,5.54,334.45,21.18,,2133.0,456.152,,,269.55,292.44,237.29,165.3382,153.64,209.02,200.86,197.44,128.79,155.58,,1494.0,0
1997-10,,,,,4.7,346.0,,310.5,4.2,2.3,1.53352,0.2,8.54,84.6988,8.2,56.4,56.6,0.42,19.3,,14.0,57.7,7.9,1499.0,,0.0,4.4,15.1,6.4,,,123.4,105.6,914.62,911.57,1593.61,,311.45,21.08,,2016.0,435.725,,,,,,,,,,,,,,1499.0,0
1997-11,,,,,4.6,307.0,,315.0,4.3,2.2,1.43157,0.2,8.42,84.838,9.8,55.7,58.5,0.61,19.8,,6.0,61.0,7.3,1469.0,,0.1,4.1,15.5,6.7,,,128.1,107.2,955.4,926.5,1600.55,,297.0,19.15,,1876.0,432.513,,,,,,,,,,,,,,1469.0,0
1997-12,3.5,4.5,6.1,1.4,4.7,321.0,,313.3,4.1,2.2,1.45213,0.0,8.23,84.6461,8.2,54.5,55.5,0.03,15.6,,-5.0,59.1,7.6,1456.0,,0.2,3.7,16.1,6.8,,,136.2,102.1,970.43,936.59,1511.38,5.5,289.05,17.64,,1747.0,439.448,,,286.91,254.73,259.92,172.8829,184.21,208.55,219.01,187.1,148.5,141.37,,1456.0,0
1998-01,,,,,4.6,262.0,,323.5,4.1,2.2,1.49837,-0.1,8.53,84.4813,5.8,53.8,57.0,0.3,18.6,,17.0,60.4,7.0,1555.0,,0.4,3.9,14.4,7.0,,,128.3,106.6,980.28,961.49,1619.36,,302.45,17.21,,1762.0,432.195,,,,,,,,,,,,,,1555.0,0
1998-02,,,,,4.6,205.0,,319.0,4.2,2.3,1.37748,0.1,7.41,84.0729,5.8,52.9,56.2,0.32,13.2,,9.0,58.1,6.8,1647.0,,0.4,3.5,14.9,7.2,,,137.4,110.4,1049.34,1025.3,1770.51,,299.15,15.44,,1706.0,463.661,,,,,,,,,,,,,,1647.0,0
1998-03,4.1,4.9,6.0,0.4,4.7,146.0,,315.0,4.2,2.1,1.24405,0.5,6.8,83.5673,7.3,52.9,54.7,0.0,10.4,,0.0,58.1,6.4,1605.0,,0.1,2.9,15.0,7.2,,,133.8,106.5,1101.75,1067.35,1823.62,5.49,300.95,15.61,,1772.0,482.203,,,321.03,309.47,303.08,204.1607,215.2,235.56,237.95,196.39,155.21,156.09,,1605.0,0
1998-04,,,,,4.3,281.0,,309.0,4.3,2.1,1.23185,0.6,7.1,83.3178,4.4,52.2,54.9,0.2,8.7,,4.0,57.4,6.0,1547.0,,0.9,4.5,15.6,7.6,,,137.2,108.7,1111.75,1076.53,1868.96,,306.65,15.39,,1847.0,484.451,,,,,,,,,,,,,,1547.0,0
1998-05,,,,,4.3,401.0,,313.0,4.3,2.2,1.25607,0.8,7.2,83.3489,5.7,50.9,56.2,0.29,13.2,,-3.0,56.5,6.0,1554.0,,0.4,5.0,16.7,7.8,,,136.3,106.5,1090.82,1061.79,1778.87,,292.95,15.2,,1708.0,457.925,,,,,,,,,,,,,,1554.0,0
1998-06,3.8,4.1,5.3,1.0,4.5,231.0,,338.0,4.3,2.2,0.97968,0.8,6.07,82.3651,0.4,48.9,55.1,-0.44,24.1,,5.0,51.1,4.6,1551.0,,0.3,4.5,16.4,7.8,,,138.2,105.6,1133.84,1085.74,1869.53,5.56,296.95,14.18,,1636.0,458.307,,,330.52,335.89,325.2,224.4729,206.18,226.94,243.22,193.13,155.08,150.27,,1551.0,0
1998-07,,,,,4.5,132.0,,324.3,4.1,2.2,1.19487,1.1,4.81,81.5837,-3.3,49.2,55.8,-0.47,8.3,,9.0,55.5,3.7,1610.0,,0.8,4.4,14.2,7.7,,,137.2,105.2,1120.67,1082.74,1872.39,,286.45,14.21,,1698.0,420.863,,,,,,,,,,,,,,1610.0,0
1998-08,,,,,4.5,338.0,,309.0,4.0,2.5,1.43359,1.1,5.89,82.8278,1.9,49.3,53.5,1.03,10.4,,4.0,50.5,3.3,1654.0,,0.2,4.3,14.4,7.5,,,133.1,104.4,957.28,937.09,1639.68,,275.55,13.34,,1617.0,338.741,,,,,,,,,,,,,,1654.0,0
1998-09,5.1,4.1,5.3,1.6,4.6,198.0,,301.3,4.0,2.5,1.20677,1.1,4.77,82.3242,1.6,48.7,55.0,-0.04,-14.2,,2.0,52.3,1.8,1577.0,,0.0,3.6,15.9,7.3,,,126.4,100.9,1017.01,952.39,1743.59,5.51,296.95,16.14,,1626.0,364.705,,,258.39,331.83,323.23,186.952,215.5,193.59,204.86,182.77,160.89,126.67,,1577.0,0
1998-10,,,,,4.5,205.0,,312.8,3.8,2.3,1.25075,1.2,4.66,82.4996,-1.1,48.7,53.8,0.27,3.5,,3.0,49.5,0.8,1719.0,,1.0,4.7,16.7,7.0,,,119.3,97.4,1098.67,1037.21,1771.39,,292.55,14.42,,1615.0,379.162,,,,,,,,,,,,,,1719.0,0
1998-11,,,,,4.4,275.0,,316.0,3.6,2.3,1.23789,1.4,3.76,82.0316,-3.9,48.2,52.6,0.04,-4.7,,1.0,51.7,1.0,1672.0,,0.7,5.3,15.7,6.7,,,126.4,102.7,1163.63,1097.62,2016.44,,293.2,11.22,,1578.0,398.585,,,,,,,,,,,,,,1672.0,0
1998-12,6.6,4.9,6.0,1.1,4.4,373.0,,317.3,3.6,2.4,1.35367,2.5,3.71,81.9904,3.1,46.8,52.9,0.22,4.6,,13.0,52.6,1.0,1742.0,,0.9,6.1,17.0,6.5,,,126.7,100.5,1229.23,1149.95,2163.03,4.68,288.25,12.05,,1492.0,422.603,,,314.38,452.51,369.84,241.2688,274.95,227.93,249.4,183.44,163.39,130.09,,1742.0,0
1999-01,,,,,4.3,106.0,,325.0,3.8,2.4,1.34331,2.2,3.7,81.9774,4.6,50.6,55.6,0.09,13.8,,-2.0,50.0,0.7,1732.0,5.23,0.1,5.8,16.1,6.0,,,128.9,103.9,1279.64,1173.84,2505.89,,286.15,12.75,,1431.0,427.936,,,,,,,,,,,,,,1732.0,0
1999-02,,,,,4.4,414.0,,301.5,3.7,2.1,1.22177,2.2,4.12,82.0973,1.6,51.7,54.4,0.49,15.1,,1.0,51.9,0.1,1720.0,5.1,1.0,6.5,16.6,5.7,,0.5,133.1,108.1,1238.33,1141.33,2288.03,,287.05,12.27,,1399.0,392.797,,,,,,,,,,,,,,1720.0,0
1999-03,3.8,4.8,6.1,1.1,4.2,115.0,,302.8,3.6,2.1,1.14446,1.6,4.29,81.9427,5.7,52.4,55.3,-0.1,4.3,,13.0,55.7,0.1,1665.0,5.15,0.4,6.8,16.4,5.2,,0.4,134.0,105.7,1286.37,1187.55,2419.17,4.81,280.05,16.76,,1395.0,398.297,,,336.32,507.55,379.77,266.4461,283.23,236.25,228.15,192.89,146.39,131.07,,1665.0,0
1999-04,,,,,4.3,362.0,,305.0,3.6,2.2,1.21823,1.6,4.13,81.8019,1.1,52.3,55.5,-0.01,20.6,,7.0,61.6,0.4,1600.0,5.08,0.7,6.6,16.5,4.9,,0.6,135.5,104.6,1335.18,1233.06,2542.85,,286.55,18.66,,1589.0,433.601,,,,,,,,,,,,,,1600.0,0
1999-05,,,,,4.2,215.0,,303.0,3.5,2.0,1.21705,1.5,4.13,81.9895,4.1,54.3,55.3,0.54,13.1,,8.0,57.0,0.4,1640.0,5.19,0.6,6.9,17.1,4.6,,0.4,137.7,106.8,1301.84,1186.7,2470.52,,270.35,16.84,,1400.0,438.68,,,,,,,,,,,,,,1640.0,0
1999-06,3.4,4.7,6.2,1.8,4.3,278.0,,290.0,3.7,2.1,1.39799,1.5,4.69,81.6291,5.5,55.8,56.7,-0.09,5.8,,8.0,56.6,1.1,1702.0,5.43,0.2,6.8,16.9,4.5,,0.4,139.0,107.3,1372.71,1240.75,2552.65,4.76,262.5,19.29,,1643.0,458.705,,,351.79,566.61,359.21,276.9181,319.82,264.93,228.26,216.1,161.45,157.31,,1702.0,0
1999-07,,,,,4.3,335.0,,300.8,3.9,2.1,1.29499,1.3,5.73,81.8177,9.5,53.6,56.2,0.18,9.8,,14.0,59.5,1.5,1682.0,5.25,0.5,6.5,17.2,4.6,,0.2,136.2,106.0,1328.72,1235.7,2638.49,,255.95,20.53,,1638.0,445.716,,,,,,,,,,,,,,1682.0,0
1999-08,,,,,4.2,146.0,,290.8,3.6,1.9,1.14687,1.3,4.03,81.8764,7.4,54.8,56.4,0.33,13.7,,3.0,58.4,1.6,1671.0,5.23,0.8,7.2,17.2,4.7,,0.5,136.0,104.5,1320.41,1232.16,2758.9,,255.68,22.11,,1713.0,428.738,,,,,,,,,,,,,,1671.0,0
1999-09,5.4,4.8,6.2,1.5,4.2,212.0,,294.3,3.8,2.0,1.43142,1.8,3.67,81.2413,4.4,57.0,56.2,-0.2,13.9,,9.0,52.2,2.4,1551.0,5.12,0.8,8.2,17.2,4.7,,0.5,134.2,107.2,1282.71,1218.9,2740.41,5.22,298.75,24.51,,1790.0,428.255,,,297.14,594.47,321.55,252.6919,295.08,251.03,198.76,212.33,151.85,143.72,,1551.0,0
1999-10,,,,,4.1,398.0,,285.8,3.7,2.1,1.40669,1.9,4.25,81.9959,6.9,57.2,57.6,0.76,16.0,,11.0,58.8,3.5,1649.0,5.11,0.6,7.7,17.2,5.1,,0.2,130.5,103.2,1362.93,1280.94,2966.43,,299.2,21.75,,1775.0,429.57,,,,,,,,,,,,,,1649.0,0
1999-11,,,,,4.1,288.0,,281.8,3.6,2.1,1.48595,1.8,4.88,82.1417,3.4,58.1,54.9,0.36,20.9,,16.0,59.2,3.9,1672.0,5.09,0.7,7.7,17.1,5.4,,0.5,137.0,107.2,1388.91,1315.68,3447.81,,290.7,24.59,,1776.0,454.669,,,,,,,,,,,,,,1672.0,0
1999-12,6.7,4.8,6.5,2.1,4.0,314.0,,278.3,3.6,1.9,1.4396,0.9,5.26,82.5152,9.3,57.8,56.9,0.59,14.2,,12.0,56.9,4.5,1683.0,5.08,2.6,9.6,17.9,6.2,,1.3,141.7,105.4,1469.25,1420.89,4069.31,5.3,288.0,25.6,,1888.5,505.397,,,321.72,807.44,326.78,299.3063,322.81,273.38,208.05,212.72,142.43,159.96,,1683.0,0
2000-01,,,,,4.0,228.0,,289.0,3.6,2.0,1.53867,0.8,4.75,82.1714,8.1,56.7,56.6,0.17,11.3,,10.0,58.9,5.5,1727.0,5.23,-1.8,7.5,18.3,6.8,5.4,-0.3,144.7,112.0,1394.46,1338.25,3887.07,,283.5,27.64,,1868.0,496.954,,,,,,,,,,,,,,1727.0,0
2000-02,,,,,4.1,111.0,,293.8,3.8,2.2,1.72237,1.0,4.54,82.1694,2.1,55.8,56.2,-0.22,14.5,,17.0,56.9,4.4,1692.0,5.12,1.3,7.8,18.99,7.2,5.8,1.0,140.8,111.3,1366.42,1340.58,4590.5,,292.2,30.43,,1733.0,578.471,,,,,,,,,,,,,,1692.0,0
2000-03,1.5,4.2,6.3,2.7,4.0,484.0,,269.8,3.9,2.4,1.90087,1.2,4.73,82.2095,4.0,54.9,57.4,0.44,19.4,,6.0,56.2,5.3,1651.0,5.19,1.9,9.4,17.98,7.8,6.0,0.6,137.1,107.1,1498.58,1431.94,4572.83,5.85,279.08,26.9,,1764.0,539.733,,,327.62,916.71,326.26,287.6298,317.2,269.35,171.55,216.62,151.48,139.59,,1651.0,0
2000-04,,,,,3.8,279.0,,273.0,3.8,2.3,1.70653,1.2,5.16,82.4575,3.7,54.7,58.0,0.44,10.0,,5.0,56.2,5.3,1597.0,5.2,-0.7,7.8,17.61,8.1,5.2,-0.1,137.7,109.2,1452.43,1370.11,3860.66,,273.55,25.74,,1752.0,506.902,,,,,,,,,,,,,,1597.0,0
2000-05,,,,,4.0,223.0,,282.3,3.9,2.4,1.71853,1.4,4.83,82.4056,4.3,53.2,57.7,-0.37,13.9,,17.0,53.3,3.7,1543.0,5.11,0.2,7.4,17.47,8.2,5.3,0.5,144.7,110.7,1420.6,1334.14,3205.11,,272.1,29.01,,1770.0,476.832,,,,,,,,,,,,,,1543.0,0
2000-06,7.5,5.2,7.6,2.4,4.0,-46.0,,288.8,3.9,2.5,1.74211,1.4,4.96,82.192,19.5,51.4,56.9,0.13,2.6,,9.0,53.5,4.0,1572.0,5.13,0.6,7.7,17.18,8.5,5.0,0.2,139.2,106.4,1454.6,1377.72,3966.11,6.53,289.53,32.5,,1790.0,517.609,,,316.56,831.85,401.68,262.2645,271.99,265.54,193.96,221.76,158.71,118.08,,1572.0,0
2000-07,,,,,4.0,168.0,,298.5,3.8,2.5,1.79197,1.6,4.12,81.7778,0.2,52.5,55.3,-0.27,4.7,,5.0,52.7,2.8,1542.0,5.11,0.3,7.5,16.86,8.8,4.9,0.1,143.0,108.3,1430.83,1337.65,3663.0,,277.25,27.43,,1884.5,500.559,,,,,,,,,,,,,,1542.0,0
2000-08,,,,,4.1,3.0,,311.5,3.9,2.6,1.87258,1.7,3.41,81.2898,0.6,49.9,57.6,-0.38,17.1,,7.0,47.1,2.2,1552.0,5.17,0.1,6.7,16.92,8.7,4.9,0.5,140.8,107.3,1517.68,1379.87,4042.68,,277.85,33.12,,1924.0,537.892,,,,,,,,,,,,,,1552.0,0
2000-09,0.4,4.0,6.5,2.5,3.9,126.0,,300.0,3.7,2.6,1.85003,1.4,4.31,81.3435,4.1,49.7,56.7,0.35,5.5,,8.0,50.2,2.4,1570.0,5.29,1.5,7.4,18.24,8.9,5.2,0.8,142.5,106.8,1436.51,1305.24,3672.82,6.52,274.25,30.84,,1997.0,521.475,,,390.29,715.78,399.7,248.4063,241.62,288.13,197.23,239.58,209.32,108.23,,1570.0,0
2000-10,,,,,3.9,-5.0,,301.0,3.9,2.5,1.81848,1.2,2.57,80.7922,-3.2,48.7,56.7,-0.51,1.8,,5.0,47.9,0.9,1577.0,5.25,0.0,6.8,17.28,8.5,5.0,0.0,135.8,105.8,1429.4,1282.14,3278.36,,265.15,32.7,,1861.0,497.734,,,,,,,,,,,,,,1577.0,0
2000-11,,,,,3.9,201.0,,336.0,4.2,2.6,1.90049,1.2,2.05,80.541,0.8,48.5,56.2,-0.36,7.1,,-7.0,43.2,-0.5,1614.0,5.35,0.3,6.4,16.33,7.9,4.6,0.1,132.6,107.6,1314.95,1203.05,2904.38,,270.45,33.82,,1842.0,446.007,,,,,,,,,,,,,,1614.0,0
2000-12,2.4,2.9,5.4,2.2,3.9,165.0,,348.0,4.2,2.6,1.87109,1.3,0.97,80.0006,-4.8,43.9,54.0,-0.27,-7.8,,1.0,45.8,-2.8,1543.0,5.1,0.4,4.1,15.73,7.2,3.7,0.5,128.6,98.4,1320.28,1221.25,2470.52,6.4,272.25,26.8,,1827.0,483.582,,,397.09,476.64,442.92,237.2528,194.76,285.77,238.15,240.87,216.03,131.61,,1543.0,0
2001-01,,,,,4.2,-19.0,,340.0,3.9,2.6,2.00522,1.9,0.45,79.3437,-10.1,42.3,51.6,-0.69,-36.6,,-11.0,42.0,-4.4,1699.0,5.1,0.3,6.3,17.32,7.1,4.1,0.0,115.7,94.7,1366.01,1244.22,2781.3,,265.85,28.66,,1816.0,508.38,,,,,,,,,,,,,,1699.0,0
2001-02,,,,,4.2,87.0,,373.3,4.1,2.7,2.03588,1.3,-0.59,78.571,-6.6,42.1,51.3,-0.56,-29.4,,-13.0,41.4,-5.0,1656.0,5.23,-0.2,4.8,17.49,6.7,3.2,0.1,109.2,90.6,1239.94,1137.88,2262.51,,267.15,27.39,,1768.0,474.391,,,,,,,,,,,,,,1656.0,0
2001-03,-1.3,2.2,4.7,2.8,4.3,-35.0,,388.0,4.1,2.7,1.93247,1.4,-1.21,78.1158,-5.5,43.1,50.7,-0.69,-20.5,,-29.0,35.4,-7.5,1659.0,5.45,-0.8,1.9,16.92,6.4,2.5,-0.1,116.9,91.5,1160.33,1061.26,1840.26,5.31,257.95,26.29,,1683.0,450.537,,,357.39,353.1,376.44,236.7704,192.48,255.02,213.79,224.76,199.51,123.42,,1659.0,1
2001-04,,,,,4.4,-296.0,,396.8,4.0,2.6,2.02769,1.6,-2.14,77.5972,-10.7,42.7,48.3,-0.88,-10.7,,-15.0,39.5,-8.6,1666.0,5.32,1.5,4.2,16.59,5.9,2.7,0.0,109.9,88.4,1249.46,1138.09,2075.68,,264.05,28.46,,1690.0,485.33,,,,,,,,,,,,,,1666.0,1
2001-05,,,,,4.3,-44.0,,400.8,4.0,2.5,1.94252,1.6,-3.01,76.9635,-5.0,41.3,49.0,-0.43,-11.8,,-21.0,37.5,-7.6,1665.0,5.27,0.3,4.3,16.56,5.5,2.6,0.4,116.1,92.0,1255.82,1121.09,2251.03,,265.85,28.37,,1672.0,496.545,,,,,,,,,,,,,,1665.0,1
2001-06,2.5,1.0,3.4,2.7,4.5,-115.0,,395.0,3.9,2.7,2.0922,1.6,-3.6,76.3285,-20.5,43.2,50.1,-0.91,-7.0,,-23.0,41.6,-8.5,1626.0,5.43,-0.4,3.3,17.15,4.9,2.4,0.0,118.9,92.6,1224.42,1084.79,2161.24,3.97,270.85,26.25,,1565.0,513.044,,,383.87,396.69,372.25,259.9792,188.1,282.65,208.55,230.56,186.9,135.94,,1626.0,1
2001-07,,,,,4.6,-123.0,,398.0,3.8,2.7,2.12212,1.6,-4.0,75.666,-9.5,43.5,48.1,-0.49,-12.6,-13.3,0.0,39.3,-8.5,1598.0,5.43,-0.1,2.9,16.17,4.0,2.6,0.2,116.3,92.4,1211.23,1069.67,2029.07,,266.65,26.35,,1501.5,484.838,,,,,,,,,,,,,,1598.0,1
2001-08,,,,,4.9,-149.0,,398.3,3.8,2.7,2.04209,1.5,-3.85,75.3958,-8.6,46.3,46.9,-0.44,-18.1,-8.0,-8.0,43.0,-8.3,1615.0,5.48,0.8,3.6,16.05,3.3,2.5,0.5,114.0,91.5,1133.58,1016.73,1805.43,,274.4,27.2,,1503.0,468.612,,,,,,,,,,,,,,1615.0,1
2001-09,-1.6,0.5,2.7,1.2,5.0,-259.0,,443.3,3.6,2.6,1.2167,1.4,-4.74,74.8236,-19.4,46.2,49.5,-1.08,-8.2,-12.5,-8.0,47.1,-10.2,1565.0,5.23,-1.4,0.7,16.09,2.5,0.8,-1.0,97.0,81.8,1040.94,926.02,1498.8,3.07,293.25,23.43,,1434.0,404.927,,,332.25,261.85,382.79,203.4366,187.82,228.59,214.05,203.11,152.15,119.34,,1565.0,1
2001-10,,,,,5.3,-313.0,,480.8,3.5,2.6,1.78733,0.9,-4.69,74.4246,-6.6,40.8,44.8,-0.2,-23.6,-14.7,-15.0,44.8,-9.8,1566.0,5.25,0.9,1.6,21.76,2.2,3.2,2.4,85.3,82.7,1059.78,943.2,1768.96,,279.65,21.18,,1374.0,428.217,,,,,,,,,,,,,,1566.0,1
2001-11,,,,,5.5,-311.0,,453.8,3.4,2.8,1.81466,0.9,-5.28,73.8377,-13.6,44.1,48.2,-0.77,-17.7,-21.5,-26.0,42.5,-8.8,1651.0,5.24,0.3,1.6,17.78,2.0,2.6,-0.5,84.9,83.9,1139.45,997.93,1930.58,,274.4,19.44,,1572.5,460.817,,,,,,,,,,,,,,1651.0,1
2001-12,1.1,0.2,2.2,1.3,5.7,-157.0,,404.8,3.3,2.7,1.73873,0.9,-5.01,73.6627,-11.8,45.3,49.7,-0.31,-11.0,-9.8,-13.0,42.8,-7.0,1680.0,5.49,0.4,1.5,16.2,1.7,1.9,-0.2,94.6,88.8,1148.08,1003.52,1987.26,1.82,278.95,19.84,,1483.0,488.522,,,355.26,352.7,385.59,241.8771,168.11,265.77,218.39,211.3,145.88,132.93,97.15,1680.0,0
2002-01,,,,,5.7,-131.0,,410.3,3.3,2.6,1.41829,0.4,-3.83,74.0676,-8.7,47.5,48.9,-0.06,10.5,1.4,-1.0,44.9,-6.2,1665.0,5.86,0.2,1.4,16.26,0.8,2.3,0.3,97.8,93.0,1130.21,972.42,1937.7,,282.55,19.48,,1572.0,483.092,,,,,,,,,,,,,,1665.0,0
2002-02,,,,,5.7,-121.0,,396.0,2.9,2.6,1.4329,0.7,-3.18,73.9589,-5.1,50.7,52.7,-0.11,11.1,13.3,7.0,50.5,-4.4,1787.0,5.9,0.5,2.0,17.04,0.6,2.5,0.4,95.0,90.7,1106.73,962.73,1724.54,,296.55,21.74,,1568.0,469.337,,,,,,,,,,,,,,1787.0,0
2002-03,3.4,1.3,3.0,1.1,5.7,-12.0,,421.3,2.8,2.4,1.44851,0.4,-2.18,74.4162,-8.8,52.4,52.8,-0.03,12.2,13.8,10.0,55.9,-2.2,1691.0,5.63,0.4,3.3,16.81,0.5,2.6,0.0,110.7,95.7,1147.39,1003.6,1845.35,1.73,302.65,26.31,,1652.0,506.428,,,365.79,326.35,383.14,246.95,141.35,261.35,236.99,229.74,149.43,146.84,96.29,1691.0,0
2002-04,,,,,5.9,-104.0,,429.3,2.7,2.5,1.56968,0.3,-1.4,74.7011,1.9,52.4,53.5,0.17,12.6,20.2,15.0,55.2,-0.2,1669.0,5.67,1.3,3.1,17.39,1.0,3.1,0.5,108.5,93.0,1076.92,968.25,1663.89,,308.45,27.29,,1610.0,510.65,,,,,,,,,,,,,,1669.0,0
2002-05,,,,,5.8,16.0,,401.3,2.6,2.5,1.65861,0.1,-0.41,74.9611,-2.4,53.1,54.8,0.04,10.1,12.9,4.0,57.6,0.2,1716.0,5.64,-0.3,2.5,15.87,1.3,2.3,-0.4,110.3,96.9,1067.14,967.85,1615.73,,326.55,25.31,,1659.0,487.449,,,,,,,,,,,,,,1716.0,0
2002-06,2.5,1.3,2.7,1.6,5.8,50.0,,389.5,2.8,2.3,1.59333,0.2,0.97,75.5385,-7.9,53.6,52.5,0.3,20.4,8.9,1.0,57.0,1.1,1758.0,5.51,0.1,3.0,16.64,1.6,2.8,0.3,106.3,92.4,989.81,907.81,1463.21,1.75,314.45,26.86,,1687.0,462.662,,,336.94,241.37,319.2,217.17,107.67,223.29,228.52,217.58,122.93,142.94,97.62,1758.0,0
2002-07,,,,,5.8,-97.0,,386.0,3.0,2.2,1.53826,-0.3,1.56,75.4869,4.8,50.2,50.4,-0.28,5.9,-1.9,-3.0,53.0,1.0,1738.0,5.41,0.2,3.3,17.81,1.6,3.2,0.7,97.4,88.1,911.62,830.55,1262.12,,303.55,27.02,,1515.0,392.453,,,,,,,,,,,,,,1738.0,0
2002-08,,,,,5.7,2.0,,395.0,2.9,2.4,1.68772,-0.4,1.57,75.3938,3.2,50.3,50.9,-0.06,-1.3,8.2,-2.0,54.4,1.5,1695.0,5.36,0.0,2.5,18.1,1.9,2.8,0.1,94.5,87.6,916.07,830.58,1314.85,,312.75,28.98,,1512.0,391.01,,,,,,,,,,,,,,1695.0,0
2002-09,1.6,2.1,3.6,1.8,5.7,-89.0,,409.5,2.9,2.2,2.4357,-0.3,2.21,75.4687,2.6,50.5,52.3,-0.33,4.4,6.3,-9.0,51.5,2.9,1803.0,5.52,0.0,3.9,16.32,2.5,3.3,-0.5,93.7,86.1,815.28,738.18,1199.16,1.75,323.55,30.45,,1459.0,362.319,,,278.01,180.12,295.07,179.51,79.0,183.41,203.53,172.62,94.42,109.47,83.37,1803.0,0
2002-10,,,,,5.7,123.0,,407.8,3.1,2.2,1.80552,0.5,2.25,75.2824,-0.7,49.0,51.4,-0.37,-7.6,-3.8,-4.0,45.7,3.5,1799.0,5.68,0.8,3.7,15.94,2.7,1.2,0.4,79.6,80.6,885.76,791.88,1331.13,,317.75,27.22,,1568.0,373.559,,,,,,,,,,,,,,1799.0,0
2002-11,,,,,5.9,-4.0,,389.0,3.0,2.0,1.6977,0.2,3.44,75.7125,2.5,48.5,52.9,0.14,7.4,4.0,1.0,53.8,3.5,1771.0,5.73,0.7,4.1,16.22,3.0,2.1,0.3,84.9,84.2,936.31,833.47,1478.78,,318.15,26.89,,1662.0,406.422,,,,,,,,,,,,,,1771.0,0
2002-12,0.5,2.0,3.8,2.3,6.0,-148.0,,414.3,3.1,1.9,1.76888,-0.5,2.89,75.3132,-1.8,51.6,52.3,-0.59,7.2,2.4,-6.0,53.4,3.1,1896.0,5.97,0.3,4.0,17.62,3.3,2.9,0.7,80.7,86.7,879.82,792.21,1348.31,1.24,348.05,31.2,,1560.0,383.098,,,296.91,220.17,308.58,182.75,107.78,192.5,204.62,183.13,97.76,122.69,82.48,1896.0,0
2003-01,,,,,5.8,111.0,,400.0,3.1,1.9,1.7809,-0.1,3.06,75.9649,5.0,51.3,53.3,0.36,5.5,8.1,2.0,54.0,3.3,1808.0,6.03,0.6,4.5,16.45,3.0,2.6,0.0,78.8,82.4,855.7,767.48,1320.91,,368.15,33.51,,1738.5,372.177,,,,,,,,,,,,,,1808.0,0
2003-02,,,,,5.9,-137.0,,416.8,3.4,1.7,1.72687,-0.1,3.18,76.0853,1.0,48.8,52.6,-0.45,-1.6,-3.5,-14.0,53.4,2.2,1854.0,6.02,-0.4,3.6,15.87,2.9,1.8,-0.3,64.8,79.9,841.15,752.86,1337.52,,349.95,36.6,,1710.0,360.524,,,,,,,,,,,,,,1854.0,0
2003-03,2.1,1.7,3.6,2.2,5.9,-211.0,,425.3,3.0,1.7,1.7689,0.5,2.08,75.9063,2.9,46.3,49.1,-0.18,-3.9,6.5,-13.0,49.7,1.5,1757.0,5.86,1.4,4.6,16.28,3.1,2.4,0.6,61.4,77.6,848.18,748.63,1369.6,1.25,337.45,31.04,,1590.5,364.549,,,280.07,218.97,311.21,179.84,91.53,181.94,190.25,183.11,93.6,113.06,82.25,1757.0,0
2003-04,,,,,6.0,-56.0,,439.0,3.0,1.5,1.59845,-0.3,0.95,75.4518,-1.2,46.1,50.1,-0.65,-6.6,-14.5,-13.0,47.0,0.4,1803.0,5.84,-0.7,2.5,16.47,2.8,2.4,0.5,81.0,86.0,916.92,813.3,1434.54,,338.55,25.8,,1606.0,398.689,,,,,,,,,,,,,,1803.0,0
2003-05,,,,,6.1,20.0,,423.0,3.0,1.6,1.63155,-0.1,0.5,75.4618,-2.2,49.0,52.8,0.01,-0.6,15.7,-19.0,50.2,0.7,1835.0,5.94,0.3,3.1,16.18,3.1,3.1,0.3,83.6,92.1,963.59,857.65,1595.91,,364.45,29.56,,1712.0,441.014,,,,,,,,,,,,,,1835.0,0
2003-06,3.6,2.0,3.9,1.4,6.3,-4.0,,421.8,2.9,1.5,1.52708,-0.3,-0.19,75.5816,6.0,49.0,54.3,0.13,3.7,25.1,1.0,55.0,1.3,1875.0,5.94,1.1,4.2,16.71,3.2,3.3,0.5,83.5,89.7,974.5,871.07,1625.26,1.22,346.4,30.19,,1655.0,448.364,,,329.97,258.49,341.02,213.71,110.25,209.75,206.47,194.82,112.45,127.76,88.53,1875.0,0
2003-07,,,,,6.2,-8.0,,403.5,2.8,1.5,1.57416,0.2,0.36,75.9888,-0.8,51.0,57.3,0.09,7.7,19.3,-11.0,54.5,2.2,1885.0,6.27,1.0,5.1,16.81,3.6,3.1,0.5,77.0,90.9,990.31,887.78,1730.7,,354.35,30.54,,1786.0,476.028,,,,,,,,,,,,,,1885.0,0
2003-08,,,,,6.1,-31.0,,400.0,2.7,1.3,1.48885,0.4,0.25,75.8306,-3.6,53.2,59.1,-0.14,20.3,15.5,-9.0,60.2,2.7,1966.0,6.52,1.4,6.6,17.95,4.0,3.8,0.9,81.7,89.3,1008.01,905.32,1810.45,,375.55,31.57,,1766.0,497.433,,,,,,,,,,,,,,1966.0,0
2003-09,6.8,3.2,5.3,2.3,6.1,99.0,,395.5,2.5,1.2,1.46463,0.1,0.82,76.3383,7.5,52.4,57.6,0.33,21.0,20.4,-9.0,53.7,4.3,1961.0,6.58,-0.1,6.5,16.97,4.2,4.0,-0.3,77.0,87.7,995.97,909.64,1792.07,1.01,385.35,29.2,,1798.0,487.688,,,341.8,286.32,323.85,218.1,99.12,218.29,207.96,195.65,110.76,135.01,95.39,1961.0,0
2003-10,,,,,6.0,187.0,,376.3,2.1,1.3,1.5659,0.5,1.22,76.4457,9.5,55.2,58.7,0.13,28.1,36.8,2.0,54.6,5.4,2012.0,6.39,0.1,5.8,16.18,4.2,3.8,0.2,81.7,89.6,1050.71,962.71,1932.21,,384.25,29.11,,2067.0,528.233,,,,,,,,,,,,,,2012.0,0
2003-11,,,,,5.8,43.0,,363.0,2.0,1.1,1.60534,0.5,1.33,76.9771,5.5,58.4,57.5,0.49,26.9,34.0,2.0,61.9,6.1,1918.0,6.23,0.8,5.9,17.23,4.6,4.1,0.6,92.5,93.7,1058.2,976.02,1960.26,,398.15,30.41,,2070.0,546.523,,,,,,,,,,,,,,1918.0,0
2003-12,4.7,4.3,6.4,2.3,5.7,112.0,,358.3,1.8,1.1,1.63711,1.0,1.95,77.0234,12.5,60.1,56.8,0.03,26.5,27.4,14.0,61.4,7.0,1987.0,6.49,0.2,5.9,17.03,4.6,3.5,0.1,94.8,92.6,1111.92,1036.32,1973.14,0.98,415.45,32.52,,2301.0,556.919,,,379.82,322.66,349.66,248.7,111.32,249.74,223.5,224.14,118.39,165.34,99.63,1987.0,0
2004-01,,,,,5.7,172.0,,361.3,1.9,1.1,1.82899,1.0,1.29,77.1612,3.0,60.8,61.2,0.04,36.1,32.5,5.0,64.9,8.0,1952.0,6.23,1.1,6.4,16.35,4.8,3.9,0.3,97.7,103.8,1131.13,1052.29,2066.15,,402.45,33.05,,2497.0,580.775,,,,,,,,,,,,,,1952.0,0
2004-02,,,,,5.6,56.0,,360.8,1.6,1.2,1.85327,1.0,1.77,77.6396,6.3,59.9,58.0,0.44,28.0,37.0,13.0,64.0,9.4,1966.0,6.41,0.1,7.0,16.67,5.0,4.4,0.2,88.5,94.4,1144.94,1068.65,2029.82,,396.15,36.16,,2938.0,585.572,,,,,,,,,,,,,,1966.0,0
2004-03,2.3,4.3,6.7,2.9,5.8,317.0,,342.0,1.9,1.6,1.86049,0.7,1.67,77.3544,13.6,60.6,58.3,0.53,29.6,32.6,27.0,57.5,11.0,2066.0,6.66,1.9,7.5,16.89,5.2,4.4,0.6,88.5,95.8,1126.21,1059.16,1960.02,1.0,426.45,35.76,,2980.0,590.322,,,396.07,314.25,346.54,251.26,115.95,246.16,234.99,234.45,123.31,161.57,107.11,2066.0,0
2004-04,,,,,5.6,270.0,,345.5,2.0,1.8,2.01245,1.4,2.74,77.6821,9.3,60.6,59.6,0.07,32.2,39.0,12.0,63.9,11.6,2070.0,6.73,-0.5,7.8,16.53,5.4,3.8,-0.1,93.0,94.2,1107.31,1035.66,1920.15,,386.75,37.38,,2652.0,559.815,,,,,,,,,,,,,,2070.0,0
2004-05,,,,,5.6,284.0,,339.3,2.0,1.7,2.00574,1.5,3.51,78.257,5.5,61.4,58.5,0.55,29.1,37.0,17.0,65.7,11.5,2150.0,6.85,1.1,8.6,17.81,5.7,4.1,0.5,93.1,90.2,1120.68,1042.63,1986.74,,395.55,39.88,,2774.0,568.295,,,,,,,,,,,,,,2150.0,0
2004-06,3.1,4.2,7.1,3.3,5.6,96.0,,341.8,2.0,1.9,2.11006,1.7,2.57,77.662,7.3,60.5,58.6,-0.29,30.6,27.1,10.0,60.4,11.1,2020.0,6.92,-0.1,7.3,15.79,5.6,3.0,-0.5,102.8,95.6,1140.84,1062.51,2025.47,1.03,394.25,37.05,,2650.0,591.537,,,384.41,322.94,354.66,250.04,113.9,265.78,234.96,250.82,120.51,164.75,101.11,2020.0,0
2004-07,,,,,5.5,61.0,,347.3,1.9,1.8,1.97554,1.4,2.81,78.2429,9.0,59.9,58.5,0.46,34.7,35.0,2.0,63.3,11.5,2112.0,6.84,0.5,6.7,16.9,5.7,3.4,0.9,105.7,96.7,1101.72,1026.99,1887.36,,391.05,43.8,,2816.0,551.299,,,,,,,,,,,,,,2112.0,0
2004-08,,,,,5.4,86.0,,340.8,2.0,1.7,1.8999,1.5,3.12,78.3106,8.2,58.5,57.3,0.29,25.1,15.2,9.0,59.7,11.3,2056.0,6.7,0.1,5.4,16.75,5.7,2.9,0.4,98.7,95.9,1104.24,1029.63,1862.09,,409.85,42.12,,2784.0,547.941,,,,,,,,,,,,,,2056.0,0
2004-09,3.8,3.5,6.4,2.6,5.4,147.0,,339.5,2.3,2.0,1.94909,1.7,2.51,78.3927,5.3,57.4,57.9,0.15,19.7,28.4,5.0,62.7,11.0,2041.0,6.68,0.9,6.4,17.47,5.5,3.9,0.6,96.7,94.2,1114.58,1047.86,1879.48,1.61,418.25,49.64,,2997.5,572.952,,,383.48,290.63,334.3,246.57,120.18,264.48,220.74,276.95,127.41,169.66,105.73,2041.0,0
2004-10,,,,,5.5,352.0,,333.8,2.5,2.0,1.98208,1.8,3.34,79.0638,-1.9,56.3,58.8,0.44,26.8,24.5,3.0,67.0,10.2,2097.0,6.85,1.2,7.6,17.09,5.6,3.9,0.2,92.9,91.7,1130.2,1072.7,1974.99,,428.55,51.76,,2882.0,583.799,,,,,,,,,,,,,,2097.0,0
2004-11,,,,,5.4,74.0,,328.8,2.5,2.2,2.06255,2.0,2.91,79.2285,8.5,56.2,58.4,0.02,19.2,15.3,0.0,63.5,9.9,2079.0,6.96,0.6,7.4,16.95,5.0,3.5,0.2,92.6,92.8,1173.82,1127.34,2101.97,,450.95,49.13,,3095.0,633.789,,,,,,,,,,,,,,2079.0,0
2004-12,4.1,3.4,6.4,3.1,5.4,124.0,,328.5,2.5,2.2,2.06626,2.3,3.62,79.8082,7.1,57.2,59.6,0.81,25.5,21.6,5.0,61.2,9.9,2082.0,6.89,0.8,8.1,17.67,8.3,4.1,0.7,102.7,97.1,1211.92,1169.34,2175.44,2.16,438.45,43.45,,3150.0,651.582,,,411.09,329.55,350.48,278.9,129.1,289.57,236.99,288.63,141.6,183.18,121.4,2082.0,0
2005-01,,,,,5.3,146.0,,340.3,2.5,2.3,2.17143,2.6,3.84,80.0413,7.7,56.8,58.0,0.18,13.3,15.6,5.0,63.0,9.4,2139.0,7.1,0.0,6.9,16.4,5.3,3.5,-0.2,105.1,95.5,1181.27,1142.35,2035.83,,422.6,48.2,,3082.0,624.032,,,,,,,,,,,,,,2139.0,0
2005-02,,,,,5.4,254.0,,311.8,2.6,2.4,2.17544,2.6,3.99,80.5413,4.9,55.5,59.4,0.38,21.3,17.1,11.0,65.3,8.9,2114.0,6.88,1.0,7.9,16.44,5.3,3.8,0.4,104.4,94.1,1203.6,1176.7,2065.4,,435.65,51.75,,3235.0,634.079,,,,,,,,,,,,,,2114.0,0
2005-03,4.5,3.9,7.1,3.1,5.2,121.0,,332.5,2.6,2.3,2.25561,2.6,4.24,80.3601,-2.3,55.2,58.0,-0.28,15.1,24.3,4.0,65.2,7.2,2062.0,6.96,0.1,6.0,16.97,5.4,3.3,0.2,103.0,92.6,1180.59,1151.18,1991.06,2.63,428.35,55.4,,3290.0,615.088,,,382.47,304.93,346.92,262.455,117.99,283.67,237.36,337.88,147.89,185.5,113.22,2062.0,0
2005-04,,,,,5.2,361.0,,320.3,2.7,2.2,2.10751,2.6,4.01,80.4339,3.9,52.2,55.6,0.54,25.3,8.3,2.0,65.5,7.4,2150.0,7.12,1.3,8.0,17.32,5.5,4.1,0.6,97.5,87.7,1156.85,1123.64,1921.65,,434.4,49.72,,3215.0,579.392,,,,,,,,,,,,,,2150.0,0
2005-05,,,,,5.1,172.0,,327.0,2.6,2.2,2.17689,2.8,3.37,80.425,13.1,50.8,55.3,-0.01,9.3,-4.9,14.0,53.3,6.3,2085.0,7.08,-0.6,6.2,16.97,5.2,3.4,-0.1,103.1,86.9,1191.5,1140.68,2075.73,,417.25,51.97,,3046.0,616.724,,,,,,,,,,,,,,2085.0,0
2005-06,2.0,3.6,6.7,2.9,5.0,252.0,,323.0,2.6,2.0,2.08637,2.4,4.6,80.6702,13.5,52.4,58.1,0.38,-1.3,7.8,3.0,57.1,6.6,2178.0,7.18,1.2,7.5,18.0,5.1,4.8,0.9,106.2,96.0,1191.33,1148.81,2053.27,3.04,435.5,56.5,,3319.0,639.675,,,396.42,309.82,359.92,259.294,121.1,272.93,234.58,343.01,160.23,167.01,126.93,2178.0,0
2005-07,,,,,5.0,358.0,,323.8,2.9,2.1,2.11497,2.8,3.5,80.305,3.4,52.8,59.5,-0.06,8.0,23.8,-10.0,62.1,6.0,2203.0,7.14,0.2,7.1,20.65,5.2,4.7,0.7,103.6,96.5,1234.18,1188.17,2184.83,,429.8,60.57,,3517.0,679.762,,,,,,,,,,,,,,2203.0,0
2005-08,,,,,4.9,198.0,,315.8,2.8,2.1,2.15887,2.6,3.77,80.4617,13.2,52.4,61.3,0.22,11.3,23.7,3.0,52.1,6.2,2219.0,7.23,1.7,8.8,16.95,5.4,3.8,-0.4,105.5,89.1,1220.33,1194.81,2120.77,,435.2,68.94,,3603.0,666.526,,,,,,,,,,,,,,2219.0,0
2005-09,3.2,3.4,6.8,3.8,5.0,57.0,,397.3,2.6,2.0,2.19327,2.6,1.67,78.7883,8.8,56.8,55.7,-0.6,7.1,16.9,2.0,58.0,5.0,2263.0,7.25,1.4,9.4,16.47,5.7,2.8,-0.4,87.5,76.9,1228.81,1224.31,2151.69,3.62,469.3,66.24,,3769.5,667.814,,,396.7,327.8,363.77,256.41,118.72,278.17,240.47,403.96,170.43,169.25,130.15,2263.0,0
2005-10,,,,,5.0,94.0,,344.3,3.0,2.1,2.26522,1.8,1.94,79.6396,13.2,57.2,57.4,0.62,4.8,12.1,4.0,62.1,4.8,2170.0,7.1,1.1,9.2,14.89,6.0,2.8,0.3,85.2,74.2,1207.01,1193.88,2089.88,,465.19,59.76,,3912.0,646.621,,,,,,,,,,,,,,2170.0,0
2005-11,,,,,5.0,355.0,,316.3,3.0,2.1,2.30604,1.7,2.77,80.398,14.6,56.7,59.1,0.71,10.3,18.0,2.0,61.5,4.5,2218.0,7.03,-0.8,7.7,16.07,6.3,2.9,0.3,98.3,81.6,1249.48,1231.41,2263.01,,493.08,57.32,,4246.0,677.302,,,,,,,,,,,,,,2218.0,0
2005-12,2.2,3.0,6.4,3.2,4.9,159.0,,315.3,3.2,2.2,2.28088,1.4,2.58,80.6819,14.1,55.1,59.0,0.3,12.9,22.9,-3.0,60.3,3.6,2120.0,6.84,0.0,6.9,16.73,3.2,2.6,0.4,103.8,91.5,1248.29,1257.78,2205.32,4.16,517.0,61.04,,4395.0,673.235,,,426.4,330.81,367.49,258.39,117.42,290.6,240.17,372.73,159.66,187.12,130.33,2120.0,0
2006-01,,,,,4.7,265.0,,295.8,3.2,2.1,2.14247,1.3,2.31,80.6908,8.1,55.0,56.3,0.46,5.4,17.5,6.0,60.4,3.6,2212.0,6.72,2.4,9.3,17.63,7.7,3.4,0.5,106.8,91.2,1280.09,1313.21,2304.23,,568.9,67.92,,4840.0,733.215,,,,,,,,,,,,,,2212.0,0
2006-02,,,,,4.8,307.0,,294.0,3.5,2.1,2.1377,1.7,1.67,80.6125,10.9,55.8,57.6,0.09,15.3,20.9,1.0,58.8,3.1,2141.0,6.84,0.0,8.2,16.57,8.0,3.2,0.2,102.7,86.7,1280.66,1309.45,2287.04,,561.55,61.41,,4798.0,730.656,,,,,,,,,,,,,,2141.0,0
2006-03,5.5,3.2,6.5,2.8,4.7,309.0,,299.0,3.6,2.1,2.16793,1.7,2.06,80.6663,20.5,54.3,56.9,0.21,14.7,33.2,14.0,59.3,3.7,2118.0,6.83,0.2,8.3,16.46,8.0,3.2,0.2,107.5,88.9,1294.83,1335.07,2339.79,4.59,583.65,66.63,,5390.0,765.155,,,437.45,344.06,370.66,265.34,133.14,309.53,242.52,404.78,156.4,199.86,148.47,2118.0,0
2006-04,,,,,4.7,169.0,,306.8,3.9,2.3,2.36218,1.5,2.17,80.7769,8.0,55.2,58.4,-0.11,14.2,18.5,8.0,58.4,2.6,1998.0,6.7,0.5,7.5,16.62,7.9,2.7,0.2,109.8,87.4,1310.61,1373.38,2322.57,,654.43,71.88,,6990.0,764.559,,,,,,,,,,,,,,1998.0,0
2006-05,,,,,4.6,37.0,,332.8,3.8,2.4,2.40856,1.5,2.06,80.6674,5.9,53.7,57.0,0.02,13.7,18.6,-4.0,58.4,2.3,1905.0,6.58,0.0,8.2,16.22,7.5,3.0,0.2,104.7,79.1,1270.09,1322.25,2210.37,,645.2,71.29,,7900.0,721.032,,,,,,,,,,,,,,1905.0,0
2006-06,1.0,3.0,6.4,3.6,4.6,81.0,,307.8,4.0,2.6,2.59578,1.7,1.97,80.8002,6.0,52.0,55.2,0.03,11.7,26.5,-3.0,57.0,1.3,1867.0,6.48,0.0,6.9,16.4,7.6,2.2,0.1,105.4,84.9,1270.2,1319.93,2172.09,4.99,615.85,73.93,,7320.0,724.689,,,434.13,310.42,350.69,263.41,131.25,308.1,248.12,420.35,163.8,197.79,146.39,1867.0,0
2006-07,,,,,4.7,194.0,,319.5,3.8,2.7,2.54575,0.8,2.21,80.5962,9.8,53.0,55.6,-0.28,4.0,16.6,5.0,58.1,0.8,1763.0,6.32,0.2,6.8,17.17,7.2,2.0,0.6,107.0,84.7,1276.66,1327.23,2094.14,,636.75,74.4,,7950.0,700.577,,,,,,,,,,,,,,1763.0,0
2006-08,,,,,4.7,166.0,,313.5,4.1,2.8,2.67136,1.2,2.3,80.781,3.2,53.7,53.9,0.18,12.5,11.7,-2.0,56.9,-0.1,1722.0,6.34,0.9,5.9,15.95,6.8,2.1,-0.3,100.2,82.0,1303.82,1358.87,2140.29,,627.3,70.26,,7700.0,720.544,,,,,,,,,,,,,,1722.0,0
2006-09,0.6,2.3,5.5,3.0,4.5,137.0,,316.5,4.2,2.9,2.606,1.3,4.1,80.4523,13.3,52.2,54.5,-0.02,-0.8,14.9,3.0,58.7,0.1,1655.0,6.28,-0.4,4.0,16.47,6.5,3.2,0.6,105.9,85.4,1335.85,1373.37,2258.43,5.25,598.3,62.91,,7545.0,725.611,,,465.83,336.28,384.92,275.84,143.89,306.29,260.75,411.38,172.33,195.56,160.65,1655.0,0
2006-10,,,,,4.4,24.0,,315.5,4.0,2.7,2.49691,1.0,2.75,80.1929,3.9,51.4,54.9,-0.27,2.3,18.7,-2.0,53.7,-0.2,1570.0,6.36,-0.5,2.5,16.38,6.0,3.4,0.4,105.1,93.6,1377.94,1422.93,2350.62,,606.6,58.73,,7380.0,766.863,,,,,,,,,,,,,,1570.0,0
2006-11,,,,,4.5,219.0,,328.3,4.1,2.6,2.28422,1.9,1.57,79.9831,1.5,50.3,54.5,-0.12,4.5,22.9,3.0,50.5,-0.9,1535.0,6.34,0.1,3.3,16.18,6.1,3.1,0.0,105.3,92.1,1400.63,1455.17,2460.26,,648.0,63.13,,7080.0,786.136,,,,,,,,,,,,,,1535.0,0
2006-12,3.5,2.6,5.4,1.5,4.4,183.0,,323.3,4.2,2.6,2.3156,2.0,2.13,80.6125,3.2,51.4,53.7,0.75,-1.8,20.1,-4.0,51.6,-0.8,1638.0,6.4,1.8,5.2,16.64,6.8,3.3,0.6,110.0,91.7,1418.3,1483.58,2415.29,5.24,636.7,61.05,,6330.0,787.682,,,495.31,356.28,388.74,302.92,155.15,322.63,268.41,455.53,186.6,216.56,178.23,1638.0,0
2007-01,,,,,4.6,224.0,,317.3,4.1,2.7,2.50045,1.7,1.55,80.1385,6.4,50.4,55.4,-0.48,7.5,7.4,-7.0,50.8,-1.7,1626.0,5.74,0.0,2.7,16.44,5.5,8.9,6.0,110.2,96.9,1438.24,1500.23,2435.49,,653.2,58.14,,5735.0,800.363,,,,,,,,,,,,,,1626.0,0
2007-02,,,,,4.5,81.0,,325.3,4.1,2.7,2.55646,1.8,2.5,80.7326,0.9,54.1,54.2,0.19,3.5,24.5,-5.0,50.4,-1.7,1598.0,5.79,0.0,2.7,16.82,5.7,8.7,0.0,111.2,91.3,1406.82,1490.44,2515.1,,669.35,61.79,,6015.0,793.317,,,,,,,,,,,,,,1598.0,0
2007-03,1.2,1.6,4.5,4.1,4.4,226.0,,306.8,4.1,2.5,2.37699,1.6,2.45,80.6935,-0.2,52.8,52.1,0.23,2.8,13.3,-12.0,58.9,-1.8,1596.0,5.46,1.2,3.8,16.07,5.8,8.5,0.1,108.2,88.4,1420.86,1514.18,2421.64,5.26,663.8,65.87,,6860.0,800.729,,,478.27,352.34,391.15,299.93,165.02,324.51,272.68,463.37,202.34,234.71,181.85,1596.0,0
2007-04,,,,,4.5,60.0,,320.3,3.8,2.3,2.21097,1.6,2.84,81.073,9.4,52.7,53.4,-0.11,2.9,3.9,-9.0,54.5,-1.6,1470.0,5.29,-0.6,2.6,16.28,5.7,8.5,0.1,106.3,87.1,1482.37,1577.86,2557.21,,678.45,65.71,,7761.0,814.589,,,,,,,,,,,,,,1470.0,0
2007-05,,,,,4.4,151.0,,307.5,4.1,2.2,2.07565,1.6,2.89,80.955,5.3,53.1,54.3,0.03,3.7,10.0,-11.0,60.6,-1.3,1493.0,5.27,1.3,3.9,16.35,5.8,8.4,0.1,108.5,88.3,1530.62,1616.87,2557.19,,660.5,64.01,,7380.0,847.164,,,,,,,,,,,,,,1493.0,0
2007-06,2.5,1.9,4.7,2.6,4.6,79.0,,315.8,4.2,2.2,1.98727,1.7,2.59,80.8393,2.6,54.0,54.9,-0.05,17.3,24.3,-5.0,59.6,-1.2,1407.0,5.12,-0.1,3.8,15.88,5.6,8.4,0.0,105.3,85.3,1503.35,1602.36,2603.23,5.25,649.65,70.68,,7560.0,833.719,,,485.41,388.21,409.01,310.21,176.21,354.5,278.44,529.71,200.1,250.1,163.54,1407.0,0
2007-07,,,,,4.7,-30.0,,313.3,4.1,2.2,2.04111,2.5,2.55,80.6142,13.5,51.8,53.6,-0.41,6.8,26.2,2.0,54.1,-1.1,1361.0,5.07,0.5,4.1,15.55,5.6,8.1,0.3,111.9,90.4,1455.28,1565.81,2562.24,,664.3,78.21,,8010.0,776.145,,,,,,,,,,,,,,1361.0,0
2007-08,,,,,4.6,-25.0,,320.0,4.0,2.1,1.98484,2.2,2.33,80.6999,11.9,52.2,52.7,-0.08,-0.5,22.8,1.0,52.1,-1.4,1321.0,4.87,0.0,3.3,16.11,5.4,8.9,0.4,105.6,83.4,1473.99,1561.59,2596.36,,673.3,74.04,,7460.0,792.861,,,,,,,,,,,,,,1321.0,0
2007-09,2.3,2.4,5.0,1.7,4.7,86.0,,313.3,4.0,2.1,2.10233,2.0,2.79,80.8586,-4.4,53.8,52.6,-0.07,7.5,14.7,3.0,52.9,-1.8,1261.0,4.58,0.3,4.0,16.26,5.6,8.3,0.1,99.5,83.4,1526.75,1633.58,2701.5,4.94,743.6,81.66,,8020.0,805.45,,,461.49,411.97,411.58,289.95,178.61,373.48,290.1,579.47,202.43,260.99,167.23,1261.0,0
2007-10,,,,,4.7,72.0,,328.3,3.8,2.2,2.18351,2.6,2.6,80.6013,6.9,52.8,53.6,-0.27,7.8,25.7,5.0,50.3,-2.3,1192.0,4.43,0.7,5.2,16.19,5.5,8.0,0.1,95.2,80.9,1549.38,1682.35,2804.19,,796.8,94.53,,7725.0,828.019,,,,,,,,,,,,,,1192.0,0
2007-11,,,,,4.7,116.0,,340.3,3.8,2.3,2.33585,2.1,3.25,81.0633,2.4,51.5,52.8,-0.07,6.6,25.9,-2.0,52.6,-2.9,1224.0,4.46,1.8,7.0,16.1,5.4,8.1,0.2,87.8,76.1,1481.14,1610.94,2660.96,,783.55,88.71,,7000.0,767.768,,,,,,,,,,,,,,1224.0,0
2007-12,2.5,2.1,4.8,1.9,5.0,105.0,,349.3,3.8,2.4,2.40339,2.0,2.19,81.1334,7.2,50.1,52.5,-0.43,-5.4,8.6,-2.0,55.8,-4.1,1149.0,4.41,-0.7,4.4,15.78,5.1,7.5,-0.1,90.6,75.5,1468.36,1588.8,2674.46,4.24,833.7,95.98,,6675.0,766.037,,,392.08,411.62,409.7,259.53,168.26,354.35,299.55,603.04,216.11,259.84,141.71,1149.0,1
2008-01,,,,,5.0,1.0,,339.8,3.7,2.5,2.19305,2.4,2.45,81.0815,7.7,50.9,44.8,-0.23,-18.3,7.2,-1.0,50.9,-4.9,1094.0,4.17,0.1,4.6,15.45,5.0,1.4,0.0,87.3,78.4,1378.55,1466.35,2326.2,,926.1,91.75,,7350.0,713.298,,,,,,,,,,,,,,1094.0,1
2008-02,,,,,4.9,-71.0,,345.5,3.8,2.3,2.07241,2.4,1.07,80.8357,8.8,48.8,49.9,-0.78,-20.2,-7.3,-12.0,47.2,-6.1,1014.0,4.12,-0.6,4.0,15.2,4.5,1.0,-0.3,76.4,70.8,1330.63,1455.56,2271.48,,973.9,101.84,,8430.0,686.18,,,,,,,,,,,,,,1014.0,1
2008-03,-1.7,1.4,3.5,1.7,5.1,-70.0,,368.0,3.8,2.4,2.16974,2.5,0.51,80.6256,-0.5,49.7,49.4,-0.78,-14.9,-14.7,-6.0,50.4,-7.7,967.0,4.16,0.4,3.2,14.82,4.2,1.2,0.2,65.9,69.5,1322.7,1437.4,2261.18,2.61,916.9,101.58,,8390.0,687.967,,,334.56,348.36,360.79,243.32,143.79,338.51,291.22,557.65,193.04,250.62,144.43,967.0,1
2008-04,,,,,5.0,-219.0,,363.5,3.7,2.3,2.08373,2.9,-0.84,80.1238,-0.2,48.5,51.9,-0.66,-21.3,-3.1,-10.0,48.1,-8.0,1008.0,4.11,0.5,4.3,14.28,3.7,1.2,0.2,62.8,62.6,1385.59,1508.99,2422.93,,877.55,113.46,,8549.0,716.176,,,,,,,,,,,,,,1008.0,1
2008-05,,,,,5.4,-190.0,,366.0,3.7,2.3,2.14893,3.0,-1.48,79.6718,-0.6,48.9,51.5,-0.82,-16.1,-3.9,-11.0,49.9,-8.8,995.0,4.14,1.4,4.5,14.36,8.1,1.3,0.2,58.1,59.8,1400.38,1525.73,2522.66,,886.5,127.35,,7935.0,748.282,,,,,,,,,,,,,,995.0,1
2008-06,2.4,1.4,3.2,1.5,5.6,-158.0,,383.3,3.6,2.4,2.2141,2.9,-1.73,79.4693,-0.5,49.9,48.1,-0.71,-16.8,-8.2,-8.0,49.8,-9.1,1180.0,4.09,0.8,5.4,14.07,6.1,1.1,-0.2,51.0,56.4,1280.0,1402.13,2315.63,2.0,925.4,140.0,,8510.0,689.659,,,270.95,356.35,354.54,223.57,136.46,302.65,273.97,652.0,206.74,260.34,135.38,1180.0,1
2008-07,,,,,5.8,-197.0,,417.3,3.7,2.5,2.2445,3.3,-2.04,79.095,-2.7,50.8,50.1,-1.23,-16.2,-5.2,-12.0,50.5,-10.8,921.0,4.15,0.4,5.4,12.73,4.7,0.3,-0.5,51.9,61.2,1267.38,1366.7,2310.53,,914.1,124.08,,8055.0,714.524,,,,,,,,,,,,,,921.0,1
2008-08,,,,,6.1,-283.0,,429.3,3.9,2.5,2.21794,3.7,-3.77,77.7872,-11.0,50.1,50.6,-1.24,-17.6,-0.9,-16.0,56.1,-11.5,858.0,4.19,-1.1,4.2,13.83,3.9,-0.1,0.0,58.5,63.0,1282.83,1344.87,2367.52,,831.15,115.46,,7510.0,739.497,,,,,,,,,,,,,,858.0,1
2008-09,-2.1,0.3,2.3,3.2,6.1,-450.0,,464.0,3.7,2.5,2.04398,4.0,-8.2,74.3062,-3.5,47.2,49.4,-2.51,2.1,-8.1,-22.0,56.2,-12.7,797.0,4.27,-1.0,2.9,12.69,3.5,-0.9,-0.7,61.4,70.3,1166.36,1182.44,2183.34,1.81,870.95,100.64,,6360.0,679.583,,,270.68,313.19,354.52,221.25,114.99,275.05,285.3,489.35,168.0,200.66,136.54,797.0,1
2008-10,,,,,6.5,-465.0,,477.3,3.8,2.2,1.6344,4.7,-7.02,74.9571,-16.1,38.2,44.7,-1.11,-37.8,-25.9,-30.0,37.4,-15.0,736.0,4.09,-2.6,-0.4,10.7,3.3,-1.1,-0.2,38.8,57.6,968.75,957.25,1720.95,,723.85,67.81,,4099.0,537.521,,,,,,,,,,,,,,736.0,1
2008-11,,,,,6.8,-748.0,,527.3,3.9,2.0,1.39027,4.3,-8.77,73.8807,-24.2,39.0,37.8,-2.3,-40.9,-22.6,-35.0,33.6,-16.5,626.0,3.77,-4.0,-6.1,10.29,2.3,-1.6,-0.3,44.7,55.3,896.24,892.93,1535.57,,818.05,54.43,,3620.0,473.138,,,,,,,,,,,,,,626.0,1
2008-12,-8.5,-2.5,-0.7,0.7,7.3,-698.0,,564.0,3.9,1.8,1.13783,4.5,-11.33,71.6823,-24.5,34.5,40.0,-2.61,-37.6,-25.4,-34.0,32.5,-18.1,554.0,4.01,-2.2,-7.6,10.18,0.5,-1.8,-0.3,38.6,60.1,903.25,920.23,1530.24,0.16,882.05,44.6,,3070.0,499.453,,,168.79,231.81,309.41,169.41,111.7,207.21,246.66,386.35,147.93,137.59,77.97,554.0,1
2009-01,,,,,7.8,-782.0,,589.3,3.7,1.7,0.90593,4.2,-13.41,69.7982,-37.2,36.4,43.0,-2.97,-31.1,-26.5,-36.0,33.0,-18.8,545.0,3.82,1.1,-6.7,9.6,-0.8,-1.4,0.5,37.4,61.2,825.88,838.83,1476.42,,927.85,41.68,,3155.0,443.526,,,,,,,,,,,,,,545.0,1
2009-02,,,,,8.3,-752.0,,644.0,3.6,1.8,0.88784,3.8,-13.59,69.2778,-40.3,36.6,41.6,-1.2,-39.3,-34.3,-45.0,33.2,-18.8,558.0,3.97,0.1,-6.1,9.04,-2.1,-1.4,-0.4,25.3,56.3,735.09,750.86,1377.84,,942.32,44.76,,3449.0,389.016,,,,,,,,,,,,,,558.0,1
2009-03,-4.5,-3.2,-1.9,0.1,8.7,-820.0,,659.3,3.5,1.8,0.76246,3.8,-14.64,68.12,-35.4,37.2,40.1,-2.29,-34.7,-33.7,-29.0,33.1,-19.0,513.0,3.86,-1.7,-8.1,9.57,-2.8,-2.1,-0.4,26.9,57.3,797.87,805.22,1545.2,0.18,919.35,49.66,,4040.0,422.748,,,119.01,240.99,283.04,154.82,102.24,162.1,218.77,339.68,130.39,133.71,49.58,513.0,1
2009-04,,,,,9.0,-669.0,,615.0,3.4,1.9,0.92791,3.4,-14.76,67.5007,-37.8,39.9,43.7,-1.58,-25.2,-19.3,-29.0,38.9,-18.4,521.0,3.9,0.4,-8.2,9.22,-2.4,-2.4,-0.1,40.8,65.1,872.81,893.02,1694.29,,888.2,51.12,,4431.0,487.561,,,,,,,,,,,,,,521.0,1
2009-05,,,,,9.4,-355.0,,614.5,3.1,1.8,0.8223,3.0,-15.12,66.7873,-36.1,44.1,44.4,-1.13,-22.4,-6.0,-14.0,37.5,-17.1,556.0,4.0,0.9,-8.7,10.01,-5.4,-2.5,0.1,54.8,68.7,919.14,970.0,1774.33,,979.18,66.31,,4830.0,501.629,,,,,,,,,,,,,,556.0,1
2009-06,-0.7,-4.0,-3.3,-0.5,9.5,-467.0,,598.3,2.9,1.7,0.72014,3.3,-15.2,66.5532,-35.2,46.3,46.4,-0.88,0.2,-9.7,-8.0,40.9,-16.2,601.0,4.1,1.1,-8.4,9.98,-4.9,-2.3,0.0,49.3,70.8,919.32,964.05,1838.22,0.21,926.5,69.89,,4967.0,508.282,,,160.76,287.63,306.45,182.15,104.18,191.29,238.18,373.84,141.9,154.48,65.08,601.0,1
2009-07,,,,,9.5,-342.0,,562.0,2.7,1.5,0.62559,2.5,-13.86,67.3455,-29.3,49.7,47.1,0.15,-6.6,0.0,-4.0,43.6,-13.8,595.0,4.37,-0.2,-9.0,11.4,-4.1,-1.5,0.3,47.4,66.0,987.48,1044.75,1978.5,,954.0,69.45,,5719.0,556.712,,,,,,,,,,,,,,595.0,0
2009-08,,,,,9.6,-181.0,,560.3,2.7,1.4,0.65094,2.3,-11.54,68.1236,-27.7,53.4,48.9,0.0,8.8,12.7,10.0,49.6,-11.9,616.0,4.45,0.6,-7.5,14.58,-3.3,-0.6,0.9,54.5,65.7,1020.63,1085.6,2028.77,,951.19,69.96,,6475.0,572.071,,,,,,,,,,,,,,616.0,0
2009-09,1.4,-3.1,-3.0,0.3,9.8,-239.0,,541.3,2.7,1.5,0.72518,1.7,-6.72,68.7596,-24.7,54.9,50.1,-0.23,15.1,21.0,1.0,46.7,-9.4,609.0,4.62,0.2,-6.3,9.36,-3.1,-0.8,-0.9,53.4,73.5,1057.08,1126.98,2090.92,0.15,1007.7,70.61,,6159.0,604.278,,,201.18,335.65,333.76,216.48,108.29,231.92,263.19,409.31,148.93,186.92,85.72,609.0,0
2009-10,,,,,10.0,-180.0,,523.5,2.7,1.7,1.2399,0.7,-7.44,68.9939,-17.3,57.6,51.0,-0.3,12.7,33.0,6.0,53.9,-5.9,583.0,5.02,0.1,-3.8,10.4,-3.0,-0.6,0.1,48.7,70.6,1036.2,1106.17,2045.11,,1045.45,77.0,,6480.0,562.771,,,,,,,,,,,,,,583.0,0
2009-11,,,,,9.9,-2.0,,494.0,2.7,1.7,1.37348,1.2,-5.82,69.3689,-11.0,55.4,49.5,0.04,15.4,25.8,7.0,55.3,-2.6,623.0,5.44,0.6,0.9,10.85,-2.1,-0.4,-0.2,50.6,67.4,1095.63,1149.01,2138.44,,1179.63,77.28,,6930.0,579.731,,,,,,,,,,,,,,623.0,0
2009-12,4.4,0.1,0.3,1.5,9.9,-252.0,,475.3,2.5,1.8,1.50952,0.9,-2.74,69.7136,-9.0,55.8,49.7,-0.31,16.5,5.2,6.0,55.3,1.3,664.0,4.4,0.7,4.0,11.1,-0.4,0.5,0.6,53.6,72.5,1115.1,1168.47,2285.69,0.12,1096.98,79.36,,7375.0,625.389,,,193.78,370.71,362.22,235.07,114.64,242.99,274.3,429.95,157.99,199.81,94.18,664.0,0
2010-01,,,,,9.8,-12.0,,485.8,2.7,1.6,1.6909,1.0,0.82,70.5918,18.3,56.3,50.0,0.15,12.9,15.1,9.0,59.0,4.0,636.0,4.19,0.0,2.8,10.7,1.2,-0.2,-0.2,56.5,74.4,1073.87,1119.54,2147.35,,1081.2,72.89,,6745.0,602.035,,,,,,,,,,,,,,636.0,0
2010-02,,,,,9.8,-93.0,-45.0,485.8,2.5,1.3,1.69865,1.0,1.79,70.9754,23.2,55.5,51.7,-0.36,13.9,21.5,9.0,57.3,5.3,650.0,4.27,0.6,3.4,10.12,2.2,0.6,0.4,46.4,73.6,1104.49,1133.35,2238.26,,1117.59,79.66,,7195.0,628.559,,,,,,,,,,,,,,650.0,0
2010-03,1.9,1.7,2.3,1.0,9.9,163.0,5.0,470.3,2.2,1.1,1.77697,0.9,4.15,71.6373,23.4,58.8,53.3,0.48,14.2,19.8,7.0,59.1,8.9,687.0,4.49,0.8,6.0,11.57,3.1,1.5,0.5,52.3,73.6,1169.43,1200.53,2395.13,0.16,1113.25,83.76,,7790.0,678.643,,,214.75,376.89,372.68,258.6931,108.15,273.25,288.13,430.31,150.7,204.62,103.05,687.0,0
2010-04,,,,,9.9,250.0,287.0,462.0,2.4,0.9,1.60298,0.9,5.37,72.0473,29.8,58.1,55.3,0.38,16.0,27.4,26.0,60.8,9.1,637.0,4.82,0.8,6.4,11.26,3.6,1.9,0.2,57.7,72.2,1186.69,1198.56,2461.19,,1179.03,86.15,,7430.0,716.599,,,,,,,,,,,,,,637.0,0
2010-05,,,,,9.6,530.0,95.0,461.5,2.6,0.9,1.63686,1.3,7.9,73.1966,26.0,57.4,55.5,0.3,22.2,18.0,14.0,63.8,8.9,575.0,4.88,-1.0,4.4,11.84,3.0,2.0,0.2,62.7,73.6,1089.41,1079.8,2257.04,,1216.3,73.97,,6939.0,661.614,,,,,,,,,,,,,,575.0,0
2010-06,3.9,2.9,4.2,1.9,9.4,-144.0,22.0,459.3,2.5,0.9,1.55557,1.1,8.5,73.5082,27.3,56.5,54.4,-0.16,14.9,19.8,9.0,61.8,8.4,587.0,4.45,-0.1,3.2,11.41,4.2,2.3,0.2,54.3,76.0,1030.71,1041.32,2223.48,0.18,1242.38,75.63,,6515.0,609.486,,,185.64,329.93,326.88,229.7118,102.04,238.29,262.64,373.36,143.44,172.46,98.31,587.0,0
2010-07,,,,,9.4,-81.0,279.0,460.5,2.4,0.9,1.47058,1.5,7.66,73.9324,20.2,56.1,54.6,0.14,7.7,5.3,8.0,64.2,7.8,579.0,3.45,-0.1,3.3,11.74,4.9,2.2,0.3,51.0,67.8,1101.6,1124.83,2254.7,,1181.0,78.95,,7296.5,650.89,0.08,,,,,,,,,,,,,579.0,0
2010-08,,,,,9.5,3.0,83.0,475.0,2.4,0.9,1.41763,1.3,6.9,74.331,23.4,56.4,52.4,-0.16,3.6,10.0,4.0,59.9,7.2,580.0,3.68,0.6,3.3,11.83,5.3,1.5,0.2,53.2,68.9,1049.33,1080.7,2153.63,,1247.4,71.92,,7440.0,602.057,0.08,,,,,,,,,,,,,580.0,0
2010-09,3.1,3.3,4.8,1.5,9.5,-83.0,136.0,452.0,2.2,0.8,1.29683,1.6,6.3,74.6547,26.3,55.3,53.3,-0.2,4.5,9.9,2.0,61.9,6.7,563.0,3.84,0.8,3.9,11.67,5.1,2.6,0.1,48.6,68.2,1141.2,1179.19,2381.22,0.19,1308.54,79.97,,8014.0,676.139,0.08,,193.18,367.86,353.75,263.5279,121.54,270.82,288.27,419.27,159.37,202.21,111.55,563.0,0
2010-10,,,,,9.4,280.0,39.0,447.0,2.5,0.6,1.07878,1.6,5.79,74.5429,17.9,56.9,55.3,-0.12,0.3,15.2,11.0,61.6,6.3,558.0,3.83,0.8,4.7,12.24,5.4,2.7,0.3,49.9,67.7,1183.26,1222.23,2507.41,,1359.4,81.43,,8200.0,703.354,0.24,,,,,,,,,,,,,558.0,0
2010-11,,,,,9.8,134.0,240.0,426.3,2.2,0.8,1.12158,1.2,5.42,74.6746,23.4,57.3,56.4,-0.18,19.1,-7.4,14.0,61.4,6.3,560.0,4.02,1.0,5.1,12.12,5.2,3.1,0.3,57.8,71.6,1180.55,1193.56,2534.56,,1386.23,84.11,,8360.0,727.007,0.26,,,,,,,,,,,,,560.0,0
2010-12,2.1,2.8,4.5,2.3,9.3,82.0,-96.0,416.5,2.0,0.8,1.05675,1.4,6.05,75.4597,19.8,56.6,56.9,0.08,15.4,11.9,23.0,64.5,6.4,632.0,4.27,0.7,5.1,12.43,5.6,2.6,0.1,63.4,74.5,1257.64,1280.07,2652.87,0.18,1421.4,91.38,,9600.0,783.647,0.38,,214.77,404.55,364.78,295.537,128.74,301.12,303.58,506.75,159.34,239.61,120.58,632.0,0
2011-01,,,,,9.1,3.0,316.0,430.3,2.4,1.0,1.12345,1.6,4.69,75.34,12.6,59.1,57.6,0.02,16.5,9.6,14.0,65.9,5.8,576.0,4.42,0.6,5.7,12.49,6.6,3.0,0.1,64.8,74.2,1286.12,1308.08,2686.89,,1332.68,92.19,,9745.0,781.251,0.65,,,,,,,,,,,,,576.0,0
2011-02,,,,,9.0,215.0,169.0,401.5,2.1,1.1,1.2119,1.8,3.91,75.0288,10.9,59.2,58.0,-0.39,28.9,12.1,12.0,64.7,6.7,542.0,4.16,0.7,5.8,12.8,7.2,2.5,0.0,72.0,77.5,1327.22,1351.65,2781.05,,1411.33,96.97,,9885.0,823.448,1.08,,,,,,,,,,,,,542.0,0
2011-03,-0.9,2.0,4.0,2.0,9.0,224.0,334.0,401.3,2.1,1.2,1.21457,2.0,4.25,75.819,16.5,58.4,55.8,0.4,36.4,12.4,15.0,68.5,5.9,583.0,4.26,1.0,6.0,12.85,6.9,2.4,0.3,63.8,67.5,1325.83,1334.93,2743.06,0.14,1432.2,106.72,,9428.0,843.549,0.98,,220.71,417.63,383.0,308.3963,133.25,325.8,308.85,589.31,161.92,249.36,131.23,583.0,0
2011-04,,,,,9.1,326.0,292.0,427.0,2.1,1.3,1.3947,2.3,3.51,75.5255,7.4,57.9,55.2,-0.48,12.9,19.1,4.0,66.1,5.8,581.0,4.17,0.9,6.1,13.07,6.2,2.1,-0.1,66.0,69.8,1363.61,1388.62,2873.54,,1563.7,113.93,,9320.0,865.291,3.6,,,,,,,,,,,,,581.0,0
2011-05,,,,,9.0,100.0,208.0,422.5,2.1,1.5,1.52357,2.1,2.26,75.5784,11.7,54.8,55.0,-0.34,6.2,10.1,-1.0,58.6,6.1,618.0,4.14,0.2,7.4,11.99,5.5,1.7,-0.1,61.7,74.3,1345.2,1354.61,2796.86,,1535.73,102.7,,9215.0,848.301,10.93,,,,,,,,,,,,,618.0,0
2011-06,2.7,1.7,3.9,2.9,9.1,232.0,319.0,417.0,2.0,1.6,1.58633,2.3,2.29,75.7276,8.2,55.8,54.2,0.0,-0.5,-5.3,5.0,63.6,6.0,636.0,4.23,0.7,8.3,11.68,5.9,1.7,0.2,57.6,71.5,1320.64,1331.18,2652.89,0.09,1500.18,95.42,,9430.0,827.429,20.13,,206.87,410.91,410.93,317.89,134.34,321.86,322.66,559.46,170.03,245.93,134.06,636.0,0
2011-07,,,,,9.0,56.0,229.0,411.3,2.3,1.8,1.73445,2.7,2.43,76.0009,8.3,52.9,53.5,0.15,7.1,-6.0,6.0,61.9,6.4,621.0,4.15,0.0,8.3,12.4,6.3,1.6,0.2,59.2,63.7,1292.28,1306.05,2756.38,,1627.05,95.7,,9830.0,797.028,16.88,,,,,,,,,,,,,621.0,0
2011-08,,,,,9.0,131.0,185.0,409.5,1.9,2.0,1.83963,2.7,2.71,76.3842,12.9,52.6,53.5,-0.02,-19.5,-3.9,1.0,59.1,5.2,647.0,4.38,0.5,8.2,12.4,5.9,1.3,-0.1,45.2,55.8,1218.89,1211.22,2479.85,,1825.55,88.81,,9275.0,726.805,10.25,,,,,,,,,,,,,647.0,0
2011-09,-0.1,0.9,3.3,2.1,9.0,223.0,230.0,415.5,2.0,2.0,1.85082,2.8,2.38,76.2147,3.8,53.7,52.3,-0.26,-10.7,-4.3,-2.0,62.5,4.2,610.0,4.33,0.3,7.6,13.01,5.7,1.4,0.2,46.4,59.5,1131.42,1104.06,2415.4,0.08,1623.79,79.2,,7018.5,644.156,6.43,,159.05,378.19,367.73,275.5344,122.01,252.62,306.71,442.79,170.77,184.55,113.25,610.0,0
2011-10,,,,,8.8,211.0,187.0,401.8,1.9,2.1,1.74472,2.9,3.36,76.6224,7.4,51.4,52.8,0.16,6.2,-5.7,-1.0,59.3,4.8,671.0,4.34,0.4,7.2,13.27,5.4,1.3,0.2,40.9,60.8,1253.3,1217.3,2737.15,,1714.7,93.19,,7990.0,741.064,4.06,,,,,,,,,,,,,671.0,0
2011-11,,,,,8.6,144.0,185.0,388.0,1.8,2.2,1.82786,3.0,3.31,76.4885,10.6,51.8,52.9,-0.34,4.0,4.9,-2.0,61.1,4.0,706.0,4.39,0.3,6.4,13.36,5.1,0.9,-0.2,55.2,63.7,1246.96,1184.6,2441.51,,1746.35,100.36,,7885.0,737.417,3.71,,,,,,,,,,,,,706.0,0
2011-12,4.6,1.5,3.5,0.5,8.5,201.0,105.0,374.5,1.8,2.2,1.97496,3.0,2.82,76.7512,13.6,53.0,52.6,0.26,2.4,11.7,-5.0,61.5,3.3,697.0,4.35,-0.3,5.3,13.46,5.2,0.8,0.0,64.8,69.9,1257.61,1182.59,2605.15,0.07,1564.91,98.83,138.2,7600.0,740.916,5.31,,175.23,409.93,401.9,308.5797,129.82,292.32,335.54,520.81,182.98,211.71,130.15,697.0,0
2012-01,,,,,8.3,341.0,201.0,377.8,1.3,2.3,2.06148,3.1,3.67,77.0743,10.9,54.2,57.3,0.35,7.5,11.5,7.0,57.4,3.6,712.0,4.48,1.2,5.9,14.0,4.2,1.0,0.4,61.5,75.0,1312.41,1240.89,2816.55,,1737.76,98.48,141.8,8320.0,792.82,6.85,,,,,,,,,,,,,712.0,0
2012-02,,,,,8.3,278.0,271.0,365.0,1.5,2.2,2.02585,3.1,4.41,77.1823,20.0,53.3,55.9,0.01,10.3,17.5,7.0,61.7,3.7,738.0,4.58,1.2,6.5,14.58,4.4,1.7,0.6,71.6,75.3,1365.68,1298.72,2963.75,,1696.76,107.07,141.4,8499.0,810.936,6.08,,,,,,,,,,,,,738.0,0
2012-03,3.4,2.6,4.7,2.4,8.2,224.0,283.0,364.5,1.7,2.3,2.04485,2.9,2.79,76.6382,3.3,53.5,55.6,-0.4,8.8,15.5,4.0,61.7,3.0,806.0,4.52,0.4,5.8,14.22,4.7,1.2,-0.1,69.5,76.2,1408.47,1312.01,3091.57,0.13,1668.15,103.02,145.1,8445.0,830.301,6.08,,212.84,496.57,435.76,356.546,130.65,323.52,351.49,538.43,178.07,234.14,142.09,806.0,0
2012-04,,,,,8.2,83.0,255.0,381.8,1.7,2.3,1.96534,2.7,3.9,77.0523,8.2,55.2,55.3,0.06,5.7,7.8,12.0,57.6,2.6,732.0,4.59,-0.6,4.3,14.47,5.0,1.4,0.1,68.7,76.4,1397.91,1293.99,3069.2,,1664.75,104.87,145.1,8400.0,816.876,6.19,,,,,,,,,,,,,732.0,0
2012-05,,,,,8.2,107.0,217.0,374.5,1.3,2.3,1.82674,2.7,3.96,77.0632,7.7,53.2,55.1,-0.18,-0.8,14.2,7.0,52.9,2.1,796.0,4.6,-0.5,3.6,14.05,4.6,1.5,0.0,64.4,79.3,1310.33,1177.64,2837.53,,1560.51,86.53,131.8,7425.0,761.822,6.48,,,,,,,,,,,,,796.0,0
2012-06,1.8,2.4,4.2,1.7,8.2,73.0,176.0,379.8,1.5,2.2,1.81925,2.6,3.67,76.9351,7.7,49.5,53.6,-0.33,-12.5,1.6,-1.0,55.2,1.7,794.0,4.47,-0.7,2.2,14.13,4.1,1.2,-0.1,62.7,73.2,1362.16,1235.72,2935.05,0.16,1597.45,84.96,135.1,7685.0,798.487,8.31,,197.37,462.02,440.76,345.8088,147.14,310.06,358.92,503.27,187.8,222.94,146.68,794.0,0
2012-07,,,,,8.2,145.0,-24.0,372.5,1.4,2.1,1.77387,2.6,3.4,76.9584,9.3,49.6,52.1,-0.29,-12.7,3.2,-7.0,54.8,1.3,849.0,4.53,0.3,2.5,14.11,2.8,1.2,0.2,65.4,72.3,1379.32,1250.57,2958.09,,1614.58,88.06,119.2,7560.0,786.943,11.69,,,,,,,,,,,,,849.0,0
2012-08,,,,,8.1,176.0,257.0,373.3,1.4,1.9,1.63592,2.6,2.3,76.5269,-5.9,49.0,52.1,-0.44,-2.6,-2.7,-6.0,54.1,1.6,840.0,4.76,1.2,3.3,14.15,2.7,1.3,0.0,61.3,74.3,1406.58,1279.21,3066.97,,1691.85,96.47,89.8,7615.0,812.087,12.7,,,,,,,,,,,,,840.0,0
2012-09,0.6,2.6,4.3,2.5,7.8,183.0,210.0,384.5,1.5,2.0,1.69161,2.4,2.28,76.3502,0.9,50.8,53.8,-0.1,0.2,-6.9,5.0,51.9,2.6,930.0,4.71,0.6,3.6,14.81,3.8,1.3,0.1,68.4,78.3,1440.67,1311.5,3116.23,0.14,1772.25,92.19,106.0,8205.0,837.45,15.49,,210.07,494.54,465.29,370.2602,157.13,319.31,369.97,551.19,184.89,232.88,147.21,930.0,0
2012-10,,,,,7.8,160.0,166.0,368.5,1.2,2.0,1.88945,2.2,1.91,76.4688,7.8,50.5,54.3,-0.27,-1.2,-4.6,-1.0,48.2,2.2,887.0,4.79,0.1,3.3,14.48,4.8,1.1,0.0,73.1,82.6,1412.16,1301.52,2987.95,,1720.65,86.24,119.3,7759.5,818.733,14.0,,,,,,,,,,,,,887.0,0
2012-11,,,,,7.7,159.0,202.0,403.8,1.5,1.9,1.78307,2.2,2.31,76.6589,1.6,48.0,53.9,0.28,-10.6,-0.8,1.0,48.7,2.2,917.0,4.96,0.3,3.2,15.08,6.0,1.7,0.4,71.5,82.7,1416.18,1315.49,3010.24,,1714.98,88.91,116.7,7995.0,821.919,15.71,,,,,,,,,,,,,917.0,0
2012-12,0.5,1.6,3.6,1.8,7.9,243.0,-31.0,355.0,1.7,1.9,1.68987,2.1,2.07,76.7539,0.8,50.1,55.7,0.14,2.5,-5.8,1.0,51.3,1.7,941.0,4.89,0.1,3.7,15.22,7.6,1.7,0.0,66.7,72.9,1426.19,1338.5,2960.31,0.16,1675.35,91.82,140.9,7931.0,849.35,16.89,,221.24,463.82,462.95,376.0574,146.04,328.75,360.78,532.96,177.66,237.62,151.26,941.0,0
2013-01,,,,,8.0,189.0,231.0,352.5,1.8,1.9,1.59159,1.8,1.44,76.6511,0.1,53.3,55.9,-0.34,-1.4,-7.5,-14.0,53.5,2.1,940.0,4.98,0.8,3.3,15.41,1.8,1.8,0.4,58.4,73.8,1498.11,1405.47,3149.71,,1663.7,97.49,150.6,8165.0,902.087,25.51,,,,,,,,,,,,,940.0,0
2013-02,,,,,7.7,285.0,250.0,347.8,2.0,2.0,1.56013,1.8,1.63,76.9174,0.3,54.2,56.6,0.24,-5.4,9.2,2.0,55.9,1.6,980.0,5.06,1.1,3.2,15.57,1.2,1.1,0.0,68.0,77.6,1514.68,1405.18,3161.82,,1579.61,92.05,150.5,7815.0,911.106,41.73,,,,,,,,,,,,,980.0,0
2013-03,4.0,1.7,3.6,1.4,7.5,142.0,211.0,354.8,1.8,1.9,1.48074,1.7,2.59,77.1389,-3.2,51.9,55.9,-0.27,2.1,4.9,2.0,55.4,0.9,936.0,5.07,-0.7,2.1,15.5,1.0,1.4,0.1,61.9,78.6,1569.19,1434.51,3267.52,0.14,1597.5,97.23,134.0,7540.0,951.542,107.73,,245.41,483.34,533.42,420.2655,158.01,361.89,410.47,583.98,198.69,247.52,159.29,936.0,0
2013-04,,,,,7.6,186.0,144.0,347.3,1.8,1.7,1.37706,1.7,1.74,76.9643,5.0,51.0,54.3,-0.31,0.4,4.5,-7.0,50.3,1.8,1012.0,5.09,-0.7,2.0,15.43,0.8,1.3,0.0,69.0,76.4,1597.57,1476.14,3279.26,,1476.71,93.46,134.6,7055.0,947.461,167.19,,,,,,,,,,,,,1012.0,0
2013-05,,,,,7.5,214.0,255.0,350.5,1.9,1.7,1.39292,1.7,1.61,76.9553,8.1,50.8,54.8,0.15,0.3,-1.1,-3.0,57.4,1.9,1003.0,5.14,0.3,2.8,15.29,1.5,1.6,0.3,74.3,84.5,1630.74,1471.93,3455.91,,1387.8,91.97,113.0,7309.0,984.142,159.0,,,,,,,,,,,,,1003.0,0
2013-06,1.1,1.5,3.2,1.2,7.5,179.0,205.0,344.3,2.1,1.6,1.46365,1.6,1.77,77.0265,11.6,51.1,53.6,-0.15,12.7,4.5,6.0,53.2,2.3,942.0,5.11,-0.1,3.4,15.74,1.8,1.7,0.0,82.1,84.1,1606.28,1433.55,3403.25,0.09,1234.53,96.56,115.4,6750.0,977.475,121.24,,262.06,489.23,551.18,447.288,157.9,369.95,409.77,578.54,191.4,241.61,155.23,942.0,0
2013-07,,,,,7.3,122.0,171.0,346.0,2.0,1.7,1.48796,1.3,1.22,76.7152,0.6,53.8,55.2,-0.52,15.9,5.2,-1.0,52.2,2.6,997.0,5.27,0.7,3.8,15.69,2.3,1.6,0.1,81.0,85.1,1685.73,1507.91,3613.17,,1325.07,105.03,127.6,6880.0,1045.263,121.56,,,,,,,,,,,,,997.0,0
2013-08,,,,,7.2,243.0,274.0,332.0,2.2,1.8,1.53325,1.2,2.24,77.1048,9.8,54.0,55.3,0.29,8.1,9.7,8.0,53.6,3.5,964.0,5.26,-0.1,2.4,15.65,2.5,1.7,0.2,81.8,82.1,1632.97,1472.74,3589.87,,1395.27,107.65,134.5,7100.0,1010.895,157.53,,,,,,,,,,,,,964.0,0
2013-09,3.5,2.2,3.9,2.2,7.2,185.0,-14.0,314.0,2.2,1.7,1.52922,1.2,2.86,77.461,11.1,54.6,53.6,0.1,20.5,7.7,1.0,56.7,3.9,1004.0,5.14,0.4,2.2,15.28,1.9,1.9,0.3,80.2,77.5,1681.55,1543.67,3781.59,0.08,1329.03,102.33,131.9,7302.0,1073.786,158.86,,268.37,519.26,586.02,480.3037,149.3,400.7,410.24,604.86,189.84,265.01,150.14,1004.0,0
2013-10,,,,,7.2,220.0,128.0,352.0,2.3,1.7,1.45482,1.2,2.4,77.3148,6.3,54.6,53.9,-0.01,13.4,3.6,2.0,61.8,3.8,1044.0,5.04,0.1,2.2,15.27,0.7,2.2,0.3,72.4,73.2,1756.54,1602.86,3943.36,,1323.06,96.38,133.6,7249.0,1100.155,257.93,,,,,,,,,,,,,1044.0,0
2013-11,,,,,6.9,273.0,307.0,324.8,2.3,1.7,1.51426,1.3,2.23,77.4524,11.2,55.5,53.1,0.29,4.6,2.2,10.0,62.3,4.8,1029.0,4.92,0.3,2.2,16.04,-0.1,2.2,0.4,72.0,75.1,1805.81,1628.42,4059.89,,1253.35,92.72,135.96,7055.0,1142.891,1421.25,,,,,,,,,,,,,1029.0,0
2013-12,3.5,3.0,4.7,2.1,6.7,55.0,246.0,346.0,2.2,1.7,1.54736,1.6,2.19,77.564,4.5,56.5,53.5,-0.15,3.8,3.2,13.0,59.7,4.7,1005.0,4.86,0.8,2.8,15.52,-2.2,2.3,0.1,77.5,82.5,1848.36,1661.07,4156.59,0.09,1201.64,98.42,133.41,7360.0,1163.637,933.61,,294.71,585.48,642.3,530.0987,155.52,452.46,442.62,651.67,193.21,291.64,148.95,1005.0,0
2014-01,,,,,6.6,184.0,139.0,329.0,2.3,1.6,1.45246,2.0,1.82,77.219,-0.1,52.5,55.2,-0.71,15.3,12.8,6.0,58.9,4.3,976.0,4.76,-0.4,1.6,15.35,3.5,1.5,-0.3,79.4,81.2,1782.59,1598.46,4103.88,,1244.55,97.49,125.4,7065.0,1130.882,1008.36,,,,,,,,,,,,,976.0,0
2014-02,,,,,6.7,159.0,251.0,332.3,2.6,1.6,1.39012,1.9,2.09,77.7522,-1.9,55.0,53.4,0.44,2.4,6.8,-3.0,61.6,4.7,1039.0,4.78,1.0,1.5,15.6,4.0,2.0,0.5,78.3,81.6,1859.45,1675.4,4308.12,,1326.39,102.59,115.8,7010.0,1183.029,708.64,,,,,,,,,,,,,1039.0,0
2014-03,-1.4,1.7,3.3,1.5,6.7,277.0,149.0,321.5,2.5,1.7,1.44742,1.7,2.66,78.4825,8.1,55.9,54.9,0.48,12.5,2.8,-3.0,61.0,5.8,1067.0,4.75,0.4,2.6,16.79,4.5,2.4,0.6,83.9,80.0,1872.34,1673.87,4155.76,0.08,1284.01,101.58,108.1,6645.0,1173.038,582.19,,301.06,596.36,677.01,513.3583,154.39,450.69,441.92,652.9,210.64,298.35,159.26,1067.0,0
2014-04,,,,,6.2,311.0,379.0,326.3,2.3,1.8,1.57127,1.7,2.84,78.4738,4.5,56.6,55.7,0.03,17.0,4.1,6.0,63.9,5.3,1090.0,4.79,0.9,4.2,16.29,4.6,2.6,0.2,81.7,84.1,1883.95,1687.74,4075.56,,1291.6,99.74,103.9,6642.0,1126.857,560.29,,,,,,,,,,,,,1090.0,0
2014-05,,,,,6.3,202.0,336.0,311.0,2.4,2.0,1.62366,1.8,3.16,78.731,-2.9,55.7,56.0,0.11,18.4,17.5,7.0,66.2,5.5,1018.0,4.9,0.2,4.1,16.69,4.5,2.5,0.2,82.2,81.9,1923.57,1715.18,4242.62,,1249.68,102.71,92.2,6845.0,1134.5,767.4,,,,,,,,,,,,,1018.0,0
2014-06,5.3,2.7,4.7,2.1,6.1,333.0,315.0,313.5,2.3,1.9,1.56354,1.9,3.38,78.9229,-1.2,55.0,56.8,0.13,14.2,15.8,6.0,62.8,6.3,1010.0,4.94,0.3,4.5,16.97,4.8,2.9,0.4,86.4,82.5,1960.23,1743.42,4397.93,0.1,1327.33,105.37,90.4,7015.0,1192.964,808.71,,306.61,632.46,704.52,529.4313,158.25,465.61,459.33,727.63,224.93,313.44,169.79,1010.0,0
2014-07,,,,,6.2,243.0,279.0,300.0,2.3,1.9,1.61032,1.9,3.97,79.0163,37.9,55.1,56.9,0.29,21.4,21.0,5.0,51.8,6.5,1076.0,4.98,0.1,3.9,16.53,5.3,3.0,0.2,90.3,81.8,1930.67,1714.35,4449.56,,1282.59,98.17,92.3,7115.0,1120.068,732.95,,,,,,,,,,,,,1076.0,0
2014-08,,,,,6.1,181.0,269.0,303.8,2.4,1.7,1.53975,1.9,3.18,78.8163,3.2,56.3,58.0,-0.22,22.7,16.1,11.0,63.4,6.1,1047.0,4.97,0.7,4.8,17.22,5.5,3.5,0.7,93.4,82.5,2003.37,1748.69,4580.27,,1287.32,95.96,86.2,6982.0,1174.352,636.69,,,,,,,,,,,,,1047.0,0
2014-09,5.0,3.1,5.0,1.8,5.9,307.0,178.0,295.0,2.2,1.7,1.55485,2.1,2.95,78.9895,0.6,55.7,57.3,0.02,21.7,29.4,16.0,61.0,6.0,1077.0,5.0,0.0,4.3,16.24,5.4,3.2,0.0,89.0,84.6,1972.29,1698.41,4512.19,0.09,1208.15,91.16,80.8,6667.0,1101.676,487.1,,312.29,659.92,739.96,528.9012,161.13,458.12,465.07,661.05,213.99,312.57,166.52,1077.0,0
2014-10,,,,,5.7,240.0,395.0,285.5,2.2,1.8,1.47091,2.2,3.07,78.9292,0.8,56.2,55.8,0.03,18.0,6.2,21.0,60.4,5.9,1094.0,5.12,0.3,4.6,16.26,6.2,3.5,0.6,94.1,86.9,2018.05,1708.09,4630.74,,1172.94,80.54,77.5,6695.0,1173.51,427.98,,,,,,,,,,,,,1094.0,0
2014-11,,,,,5.8,284.0,205.0,294.5,2.3,1.7,1.39258,2.0,3.45,79.3647,-7.2,56.3,58.2,0.25,35.6,12.0,4.0,60.0,5.4,1059.0,4.99,0.0,4.3,16.79,6.2,3.4,0.3,91.0,88.8,2067.56,1739.5,4791.63,,1167.38,66.15,70.4,6351.0,1173.229,472.21,,,,,,,,,,,,,1059.0,0
2014-12,2.0,2.7,4.2,0.2,5.6,278.0,265.0,284.5,1.8,1.6,1.35635,1.7,3.22,79.304,-3.9,55.7,57.2,0.06,21.6,-2.5,6.0,57.4,5.9,1072.0,5.09,-0.7,2.9,16.71,6.3,3.6,0.3,93.1,93.6,2058.9,1709.67,4806.86,0.12,1184.37,53.27,69.3,6300.0,1204.696,396.7,,333.32,691.95,791.97,572.7496,152.55,486.47,499.58,586.59,240.14,305.28,187.89,1072.0,0
2015-01,,,,,5.7,196.0,96.0,286.0,2.0,1.6,1.2097,1.7,2.82,78.6338,-1.7,53.9,56.2,-0.25,13.2,12.5,3.0,58.8,5.7,1049.0,4.92,-1.0,2.3,16.66,6.0,4.2,0.2,103.8,98.1,1994.99,1677.54,4635.24,,1283.79,48.24,64.2,5495.0,1165.392,287.09,,,,,,,,,,,,,1049.0,0
2015-02,,,,,5.5,269.0,60.0,301.3,1.6,1.7,1.27748,1.9,1.38,78.0854,-6.9,53.0,57.6,-0.47,11.3,10.6,-2.0,48.3,5.2,1127.0,5.08,0.2,1.4,16.4,5.9,3.9,0.2,98.8,95.4,2104.5,1772.86,4963.53,,1213.18,49.76,64.2,5895.0,1233.368,318.59,,,,,,,,,,,,,1127.0,0
2015-03,3.6,4.0,5.0,-0.2,5.4,94.0,-78.0,284.0,2.0,1.8,1.28084,2.1,0.05,77.8104,-1.0,52.1,58.4,0.0,7.2,3.7,-3.0,49.1,4.7,1072.0,5.25,0.8,1.8,17.5,5.2,3.7,0.3,101.4,93.0,2067.89,1740.81,4891.22,0.11,1183.57,47.6,54.8,6041.0,1252.772,305.18,,324.95,693.12,840.73,597.8616,152.93,479.67,501.33,565.76,225.68,306.51,193.24,1072.0,0
2015-04,,,,,5.4,277.0,342.0,282.3,2.0,1.8,1.29437,2.0,-0.59,77.3473,-4.9,51.9,57.5,-0.01,9.7,0.1,-7.0,54.1,4.9,1166.0,5.17,0.1,1.0,16.93,5.1,3.7,0.2,94.3,95.9,2085.51,1778.4,5092.09,,1184.37,59.63,57.9,6335.0,1220.125,295.73,,,,,,,,,,,,,1166.0,0
2015-05,,,,,5.6,337.0,371.0,275.8,2.1,1.7,1.2472,2.0,-1.44,76.9844,-8.9,52.9,56.7,-0.35,5.8,3.9,3.0,49.7,4.6,1272.0,5.25,0.7,1.5,17.69,5.1,3.8,0.3,94.6,90.7,2107.39,1779.31,5070.03,,1190.58,60.3,61.1,6015.0,1246.532,294.94,,,,,,,,,,,,,1272.0,0
2015-06,2.5,3.3,4.3,2.3,5.3,156.0,262.0,273.8,2.0,1.8,1.25416,2.3,-2.07,76.7496,-1.7,52.5,55.7,-0.13,8.2,-4.8,10.0,47.7,4.5,1379.0,5.36,0.1,1.4,17.29,4.9,3.5,0.1,99.8,96.1,2063.11,1735.61,5080.51,0.13,1172.35,59.47,61.5,5765.0,1253.947,326.21,,328.94,691.8,861.19,607.2076,153.47,466.37,489.27,551.11,210.56,303.52,174.21,1379.0,0
2015-07,,,,,5.2,294.0,280.0,272.3,2.0,1.8,1.17895,2.3,-1.66,77.2342,-24.4,52.0,60.1,0.32,4.6,1.7,7.0,52.6,3.5,1140.0,5.44,0.9,2.3,17.5,4.7,3.6,0.4,91.0,93.1,2103.84,1765.6,5128.28,,1095.8,47.12,54.9,5230.0,1238.68,355.86,,,,,,,,,,,,,1140.0,0
2015-08,,,,,5.1,141.0,149.0,276.5,2.1,1.8,1.22125,2.1,-1.67,77.1213,-5.6,50.2,58.6,-0.26,5.5,-13.9,3.0,53.5,3.4,1165.0,5.36,-0.1,1.4,17.76,4.4,3.2,0.2,101.3,91.9,1972.18,1645.43,4828.33,,1134.93,49.2,56.3,5135.0,1159.455,288.01,,,,,,,,,,,,,1165.0,0
2015-09,1.6,2.4,3.4,1.0,5.0,135.0,239.0,268.0,2.0,1.9,1.23212,2.1,-2.26,76.9102,-7.4,50.1,56.1,-0.13,-3.7,-12.7,-1.0,48.1,2.6,1144.0,5.41,-0.7,0.7,17.97,4.1,3.2,0.1,102.6,87.2,1920.03,1581.92,4686.5,0.14,1115.09,45.09,57.2,5160.0,1100.688,296.24,,305.33,663.56,766.06,589.3723,141.19,431.78,484.91,451.33,219.82,250.9,176.77,1144.0,0
2015-10,,,,,5.0,319.0,272.0,267.0,2.4,1.9,1.17798,1.8,-2.72,76.5691,-4.4,49.1,56.9,-0.25,-4.9,-13.7,4.0,53.2,2.7,1160.0,5.28,-0.1,0.2,17.91,3.9,2.6,0.1,99.1,90.0,2079.36,1705.8,5053.75,,1142.11,46.59,50.6,5112.0,1161.863,404.04,,,,,,,,,,,,,1160.0,0
2015-11,,,,,5.1,226.0,89.0,268.5,2.1,2.0,1.1967,1.7,-4.05,76.0077,0.1,49.1,56.1,-0.36,-3.5,-9.7,1.0,47.1,2.6,1244.0,4.78,0.2,0.4,17.97,3.5,2.5,0.2,92.6,91.3,2080.41,1694.4,5127.52,,1064.77,41.65,43.3,4586.0,1198.111,471.03,,,,,,,,,,,,,1244.0,0
2015-12,0.7,2.1,2.9,0.0,5.0,273.0,64.0,269.3,2.5,2.1,1.1917,1.8,-4.53,75.6338,-3.9,48.7,55.3,-0.29,-9.2,-5.9,5.0,42.0,1.8,1211.0,5.44,0.6,1.7,17.19,3.3,2.6,0.3,96.3,92.6,2043.94,1662.79,5048.49,0.24,1061.1,37.04,43.4,4705.0,1135.889,540.15,,321.73,721.48,833.23,621.0201,149.91,463.53,518.42,448.44,220.0,273.64,190.22,1211.0,0
2016-01,,,,,4.8,113.0,128.0,281.3,2.5,2.2,1.40624,1.7,-3.28,76.0323,-0.6,47.6,53.8,0.08,-4.5,-16.6,3.0,55.5,1.4,1171.0,5.43,-0.8,1.9,17.64,3.1,2.5,0.2,97.8,92.0,1940.24,1562.18,4613.95,,1118.21,33.62,41.4,4561.0,1035.381,469.0,,,,,,,,,,,,,1171.0,0
2016-02,,,,,4.9,215.0,115.0,266.8,2.4,2.3,1.46589,1.5,-3.17,75.6159,2.4,49.2,52.8,-0.22,-4.8,-12.9,-9.0,49.3,0.9,1172.0,5.26,0.6,2.4,17.51,2.5,3.0,0.7,94.0,91.7,1932.23,1547.17,4590.47,,1238.67,33.75,46.4,4695.0,1033.901,542.39,,,,,,,,,,,,,1172.0,0
2016-03,2.3,1.8,2.6,-0.2,5.0,255.0,207.0,267.8,2.3,2.2,1.45745,1.5,-3.57,75.0559,-2.3,51.0,55.4,-0.33,8.3,-2.5,16.0,53.5,0.7,1118.0,5.34,0.1,1.7,16.77,2.7,2.3,-0.4,96.1,91.0,2059.74,1648.12,4773.51,0.36,1232.75,38.34,53.2,4847.0,1114.028,521.06,,303.71,737.12,783.85,628.4413,172.55,483.64,543.56,462.41,251.93,281.81,197.16,1118.0,0
2016-04,,,,,5.1,190.0,154.0,264.3,2.6,2.1,1.51994,1.6,-2.74,75.2543,0.5,51.3,55.2,-0.13,-1.7,8.9,7.0,51.6,0.6,1160.0,5.47,0.4,2.1,17.49,2.5,2.3,0.3,94.7,89.0,2065.3,1670.8,4775.36,,1293.53,45.92,65.8,5050.0,1130.845,568.94,,,,,,,,,,,,,1160.0,0
2016-05,,,,,4.8,45.0,67.0,274.5,2.3,2.2,1.56873,1.6,-2.51,75.0727,3.2,51.4,54.1,-0.34,-5.5,-7.4,2.0,50.3,0.2,1205.0,5.44,0.4,1.7,17.22,2.2,2.2,0.2,92.4,94.7,2096.96,1674.61,4933.51,,1215.32,49.1,47.2,4671.0,1154.792,652.18,,,,,,,,,,,,,1205.0,0
2016-06,1.3,1.5,2.4,2.7,4.9,251.0,274.0,262.8,2.5,2.2,1.5524,1.5,-1.74,75.4151,-8.7,52.2,55.8,0.12,4.3,3.1,-7.0,54.1,-0.2,1208.0,5.47,1.2,2.7,16.99,2.2,2.6,0.4,97.4,93.5,2098.86,1653.23,4707.98,0.38,1321.9,48.33,53.6,4845.0,1151.923,831.59,,308.39,713.04,829.45,620.4125,182.64,487.51,564.99,512.39,266.7,290.62,206.74,1208.0,0
2016-07,,,,,4.8,363.0,234.0,260.5,2.6,2.2,1.59933,1.2,-2.24,75.4735,-8.7,52.7,56.2,0.03,1.5,1.4,6.0,54.8,0.5,1198.0,5.37,-0.6,1.2,17.75,2.4,2.4,0.2,96.7,90.0,2173.6,1721.79,5162.13,,1351.28,41.6,58.3,4925.0,1219.942,822.09,,,,,,,,,,,,,1198.0,0
2016-08,,,,,4.9,149.0,215.0,263.5,2.4,2.3,1.69696,1.4,-2.17,75.3862,1.5,49.8,52.6,-0.18,5.0,-5.6,-5.0,52.0,0.5,1201.0,5.4,0.0,1.4,17.13,2.4,2.3,0.1,101.8,89.8,2170.95,1719.52,5218.92,,1308.97,44.7,57.3,4617.0,1239.907,715.51,,,,,,,,,,,,,1201.0,0
2016-09,2.9,1.8,2.7,1.1,5.0,297.0,261.0,248.5,2.6,2.2,1.68526,1.4,-1.98,75.2897,-0.2,51.1,55.4,-0.09,12.3,-1.6,-7.0,54.4,0.8,1303.0,5.47,0.6,2.7,17.65,2.8,2.5,0.3,103.5,91.2,2168.27,1725.67,5312.0,0.4,1315.87,48.24,57.77,4865.0,1251.646,757.49,,320.82,801.72,833.79,635.9608,170.58,504.87,546.54,520.35,248.79,299.87,200.81,1303.0,0
2016-10,,,,,4.9,108.0,187.0,258.5,2.5,2.1,1.78241,1.6,-1.45,75.3271,1.4,51.8,54.3,-0.05,10.9,-9.5,2.0,51.8,0.3,1254.0,5.56,0.4,3.2,17.8,2.9,2.4,0.0,100.8,87.2,2126.15,1690.92,5190.1,,1277.21,46.86,62.38,4853.0,1191.388,877.71,,,,,,,,,,,,,1254.0,0
2016-11,,,,,4.7,119.0,217.0,245.3,2.4,2.1,1.71886,1.6,-1.1,75.0219,-1.5,53.2,56.4,-0.21,10.4,1.9,3.0,56.7,0.2,1230.0,5.51,0.1,3.1,17.56,3.2,2.4,0.2,109.4,93.8,2198.81,1712.09,5398.92,,1173.2,49.44,79.14,5825.0,1322.339,929.08,,,,,,,,,,,,,1230.0,0
2016-12,2.2,2.2,3.5,2.1,4.7,222.0,88.0,253.3,2.5,2.2,1.77009,1.7,0.09,75.5453,-0.7,54.4,55.8,0.39,22.3,9.6,7.0,52.8,0.9,1248.0,5.52,0.8,3.2,18.05,3.3,2.7,0.7,113.3,98.2,2238.83,1751.22,5383.12,0.54,1147.5,53.72,78.06,5535.5,1357.13,1190.01,,386.53,807.95,796.91,647.8203,176.61,538.07,531.79,554.5,246.83,312.16,190.23,1248.0,0
2017-01,,,,,4.7,226.0,-51.0,244.0,2.3,2.3,1.86334,1.7,-0.66,75.3784,-3.4,55.7,57.0,-0.11,24.1,7.5,13.0,51.2,2.0,1303.0,5.67,1.4,5.5,17.34,3.8,2.6,0.1,111.6,98.5,2278.87,1792.4,5660.78,,1210.72,52.81,83.44,5991.0,1361.824,1195.18,11.4,,,,,,,,,,,,1303.0,0
2017-02,,,,,4.6,212.0,146.0,231.8,2.4,2.2,1.86727,1.6,-0.49,75.1225,-1.7,57.7,56.6,-0.08,42.2,20.1,15.0,56.7,2.7,1234.0,5.45,0.1,5.0,17.32,4.3,2.0,0.1,116.1,96.3,2363.64,1838.7,5845.31,,1248.44,54.01,92.46,5973.0,1386.684,1493.78,16.9,,,,,,,,,,,,1234.0,0
2017-03,2.0,2.1,4.1,2.1,4.4,128.0,219.0,228.8,2.3,2.0,1.67865,1.8,0.89,75.6429,2.9,56.5,56.2,0.01,29.7,15.6,18.0,57.9,3.2,1272.0,5.61,0.3,5.2,16.72,4.3,2.8,0.4,124.9,96.9,2362.72,1853.69,5911.74,0.79,1249.2,50.6,80.21,5837.5,1385.92,1446.1,52.63,394.58,906.21,859.75,700.239,167.68,559.63,561.79,514.01,260.25,328.73,195.41,1272.0,0
2017-04,,,,,4.4,197.0,312.0,230.8,2.2,1.9,1.63682,2.0,1.57,76.4106,-4.2,55.8,57.2,0.31,22.1,6.2,19.0,59.9,3.1,1251.0,5.56,0.3,5.1,16.97,4.6,2.6,0.0,119.4,97.0,2384.2,1878.28,6047.61,,1268.28,49.33,65.51,5735.5,1400.428,1657.68,74.98,,,,,,,,,,,,1251.0,0
2017-05,,,,,4.4,216.0,172.0,239.0,2.3,1.7,1.54553,1.9,1.91,76.5629,1.7,56.4,57.4,0.0,33.8,0.7,5.0,59.1,3.5,1208.0,5.59,-0.7,3.9,16.7,5.0,2.5,0.1,117.6,97.1,2411.8,1911.74,6210.19,,1268.92,48.32,56.07,5682.0,1370.208,2863.56,239.72,,,,,,,,,,,,1208.0,0
2017-06,2.3,2.3,3.9,1.1,4.3,199.0,398.0,249.3,2.3,1.7,1.57644,1.7,1.62,76.7832,12.9,56.2,56.8,0.16,28.4,18.8,12.0,63.4,3.9,1353.0,5.49,0.3,3.0,16.59,4.9,2.4,0.3,117.3,95.0,2423.41,1916.43,6140.42,1.04,1241.61,46.04,61.61,5937.0,1415.359,3135.48,302.28,409.59,940.28,916.93,714.0551,154.03,582.92,566.83,477.91,263.77,337.42,199.01,1353.0,0
2017-07,,,,,4.3,184.0,224.0,249.5,2.3,1.7,1.50311,1.8,1.27,76.6891,0.6,56.5,55.4,-0.16,22.6,11.8,12.0,59.8,3.8,1256.0,5.46,0.0,3.6,16.69,4.9,2.5,0.3,120.0,93.4,2470.3,1961.1,6374.68,,1269.44,50.17,73.06,6369.0,1425.144,3619.77,213.88,,,,,,,,,,,,1256.0,0
2017-08,,,,,4.4,135.0,158.0,258.5,2.4,1.7,1.43359,1.8,0.92,76.4472,2.4,58.4,55.8,0.0,20.2,22.7,14.0,59.3,4.3,1319.0,5.39,0.8,4.4,16.03,5.0,2.4,0.0,120.4,96.8,2471.65,1959.74,6265.64,,1321.43,47.23,78.59,6788.0,1405.277,5935.97,411.77,,,,,,,,,,,,1319.0,0
2017-09,3.2,2.4,4.2,2.1,4.3,92.0,205.0,266.3,2.5,1.7,1.42259,1.7,1.12,76.6181,3.1,60.0,58.1,0.18,24.2,23.6,18.0,65.8,4.4,1273.0,5.45,1.5,5.3,18.47,5.3,2.6,0.5,120.6,95.1,2519.36,2000.55,6495.96,1.15,1279.75,51.67,63.56,6481.0,1490.861,5358.63,311.89,429.08,1018.15,946.31,717.4718,162.37,604.38,555.39,506.72,268.97,356.15,199.2,1273.0,0
2017-10,,,,,4.2,147.0,157.0,242.3,2.2,1.8,1.54101,2.0,2.3,77.654,-1.1,58.6,60.4,0.52,27.5,26.6,15.0,67.2,5.8,1356.0,5.46,0.0,4.9,17.98,5.4,2.8,0.1,126.2,100.7,2575.26,2036.8,6701.26,,1271.45,54.38,58.36,6839.0,1502.773,8094.95,328.33,,,,,,,,,,,,1356.0,0
2017-11,,,,,4.2,229.0,249.0,246.0,2.3,1.7,1.54538,2.1,2.96,77.9439,6.6,57.6,57.1,0.23,25.0,19.1,27.0,63.0,6.1,1299.0,5.62,1.6,6.5,17.4,5.5,3.2,0.5,128.6,98.5,2647.58,2077.36,6889.16,,1275.01,57.4,68.73,6762.0,1544.141,11807.4,444.83,,,,,,,,,,,,1299.0,0
2017-12,4.6,3.0,5.0,2.4,4.1,146.0,70.0,243.0,2.5,1.8,1.57687,2.0,2.45,78.1791,7.3,59.7,56.3,0.19,28.8,20.1,21.0,65.7,6.2,1311.0,5.57,0.7,6.4,17.76,5.4,3.3,0.8,123.1,95.9,2673.61,2103.45,6903.39,1.3,1302.8,60.42,70.78,7247.0,1535.511,18047.2,774.91,463.94,1106.18,956.32,785.3293,166.07,637.81,587.39,533.41,267.37,378.94,203.86,1311.0,0
2018-01,,,,,4.0,146.0,-37.0,235.3,2.6,1.8,1.63204,1.8,2.63,78.206,6.0,59.4,60.0,-0.26,21.5,19.4,18.0,66.2,6.3,1317.0,5.41,-0.4,4.5,17.07,5.2,3.1,-0.1,124.3,95.7,2823.81,2213.24,7505.77,,1345.14,64.73,71.61,7118.0,1574.982,12553.31,1158.6,,,,,,,,,,,,1317.0,0
2018-02,,,,,4.1,387.0,296.0,222.0,2.7,1.8,1.64422,2.0,3.39,78.5556,6.0,60.9,58.5,0.5,33.4,17.5,22.0,60.5,6.7,1321.0,5.48,0.8,5.2,16.96,5.1,3.1,0.0,130.0,99.7,2713.83,2117.99,7337.39,,1318.31,61.64,75.59,6931.0,1512.446,13320.19,921.76,,,,,,,,,,,,1321.0,0
2018-03,3.3,3.3,5.4,2.6,4.0,226.0,102.0,225.3,2.8,2.1,1.90918,2.0,3.21,78.976,7.0,58.8,58.2,0.09,20.2,23.5,12.0,58.2,6.5,1385.0,5.53,-0.1,4.7,17.4,5.2,2.9,0.3,127.0,101.4,2640.87,2066.84,7063.45,1.51,1325.48,64.94,61.49,6714.0,1529.427,8863.06,378.0,457.53,1141.62,940.73,806.9718,151.65,624.95,541.73,498.29,256.14,356.34,192.05,1385.0,0
2018-04,,,,,4.0,146.0,40.0,221.5,2.7,2.1,1.88422,1.9,3.34,79.8677,9.8,58.6,57.6,0.37,23.2,17.4,3.0,58.7,6.8,1378.0,5.47,0.4,4.8,17.07,5.2,3.0,0.1,125.6,98.8,2648.05,2086.51,7119.8,,1315.39,68.57,63.7,6807.0,1541.884,11617.65,710.61,,,,,,,,,,,,1378.0,0
2018-05,,,,,3.8,329.0,302.0,224.3,2.9,2.2,1.9809,2.1,2.26,79.1543,8.9,59.0,58.0,-0.16,31.9,17.0,18.0,61.6,7.0,1338.0,5.43,1.4,7.0,16.81,5.0,3.2,0.3,128.8,98.0,2705.27,2092.92,7433.85,,1298.51,67.04,61.57,6852.0,1633.609,9494.59,615.81,,,,,,,,,,,,1338.0,0
2018-06,2.1,3.3,5.9,2.8,4.0,213.0,407.0,222.5,2.9,2.3,1.93623,2.1,2.86,79.7837,0.3,59.9,58.5,0.22,22.2,25.8,21.0,64.4,7.1,1345.0,5.45,-0.3,6.4,17.38,5.3,3.0,0.1,127.1,98.2,2718.37,2089.3,7510.3,1.82,1252.6,74.15,60.44,6626.0,1643.069,7381.44,444.78,441.15,1218.64,965.78,870.2278,148.12,602.1,529.08,561.54,263.3,363.65,201.9,1345.0,0
2018-07,,,,,3.8,55.0,193.0,209.5,2.8,2.4,1.9958,2.4,3.24,79.8874,8.3,58.1,57.5,0.02,24.7,21.6,22.0,66.4,7.3,1334.0,5.38,0.6,7.1,16.68,5.5,3.0,0.2,127.9,97.9,2816.29,2153.1,7737.42,,1224.15,68.76,60.87,6300.0,1670.805,9615.6,458.48,,,,,,,,,,,,1334.0,0
2018-08,,,,,3.8,251.0,190.0,206.3,3.0,2.2,1.89577,2.6,4.43,80.4472,10.7,60.5,59.5,0.32,9.1,24.1,22.0,63.2,7.1,1273.0,5.31,0.1,6.4,16.6,5.6,3.2,0.2,134.7,96.2,2901.52,2175.5,8109.54,,1201.15,69.8,61.99,5975.0,1740.753,8804.57,300.2,,,,,,,,,,,,1273.0,0
2018-09,2.5,3.1,5.6,1.8,3.7,87.0,92.0,206.3,3.0,2.2,1.9603,2.8,4.36,80.4471,5.2,59.3,60.4,-0.01,21.7,19.0,28.0,62.2,7.3,1314.0,5.2,-0.3,4.5,17.4,5.1,2.4,-0.2,135.3,100.1,2913.98,2184.01,8046.35,1.95,1190.88,73.25,66.16,6258.0,1696.571,8317.26,234.0,458.18,1322.07,1101.37,938.228,160.55,659.07,554.91,560.91,267.28,363.12,201.86,1314.0,0
2018-10,,,,,3.8,164.0,291.0,213.0,3.2,2.1,1.8709,2.5,2.91,80.2713,5.6,58.1,60.8,-0.24,20.2,19.4,16.0,60.2,6.2,1272.0,5.16,1.2,5.8,17.5,4.8,2.6,0.3,137.9,98.6,2711.74,2021.98,7167.21,,1214.76,65.31,74.61,5992.0,1511.413,7879.86,209.46,,,,,,,,,,,,1272.0,0
2018-11,,,,,3.8,97.0,172.0,228.8,3.5,2.2,2.01024,2.6,2.71,80.2728,0.5,58.6,60.1,-0.01,13.2,21.1,10.0,64.1,5.7,1340.0,5.18,0.2,4.3,17.4,4.7,2.6,0.5,136.4,97.5,2760.17,2041.36,7330.54,,1220.52,50.93,64.71,6198.5,1533.266,4947.82,119.11,,,,,,,,,,,,1340.0,0
2018-12,0.6,2.1,4.4,1.6,3.9,182.0,99.0,222.8,3.6,2.2,2.03808,2.6,2.5,80.2161,-0.8,54.9,58.1,-0.16,10.1,11.1,-2.0,62.9,4.8,1317.0,5.01,-2.8,0.7,17.5,5.6,0.9,-0.9,126.6,98.3,2506.85,1883.9,6584.52,2.27,1282.49,45.41,70.58,5965.0,1348.559,4724.73,142.01,395.9,1088.31,1001.18,781.5049,138.78,542.16,521.88,424.07,268.61,316.62,192.36,1317.0,0
2019-01,,,,,4.0,258.0,59.0,224.5,3.4,2.2,1.85234,2.9,1.95,79.6792,3.8,55.7,56.5,-0.31,12.6,4.8,0.0,58.9,3.8,1261.0,4.97,1.6,2.7,16.6,5.3,1.3,0.2,121.7,91.2,2704.1,2028.49,7164.86,,1321.25,53.79,79.27,6169.0,1499.419,4270.44,112.01,,,,,,,,,,,,1261.0,0
2019-02,,,,,3.8,5.0,28.0,218.5,3.5,2.1,1.74015,2.7,1.05,79.2011,-3.1,54.4,59.1,-0.33,2.2,10.3,14.0,62.3,3.3,1287.0,5.31,-0.1,1.7,16.56,5.5,1.3,0.0,131.4,93.8,2784.49,2085.84,7527.55,,1313.32,57.22,81.61,6509.0,1575.549,4750.82,144.9,,,,,,,,,,,,1287.0,0
2019-03,2.2,1.9,3.8,1.4,3.8,227.0,22.0,210.8,3.6,2.0,1.6072,2.7,0.57,79.1387,-4.2,54.9,56.5,-0.08,10.5,5.1,8.0,56.8,3.0,1305.0,5.25,1.3,3.2,17.5,5.6,1.7,0.7,124.2,98.4,2834.4,2107.74,7729.32,2.41,1292.38,60.14,82.06,6482.5,1539.739,5091.07,151.54,427.19,1299.16,1062.46,901.2028,157.68,632.36,580.11,489.45,295.15,347.27,224.36,1305.0,0
2019-04,,,,,3.7,308.0,97.0,209.8,3.5,2.1,1.64564,2.5,-1.06,78.626,-4.1,53.6,55.3,-0.54,9.2,9.4,8.0,52.3,2.6,1311.0,5.31,0.6,3.5,16.4,5.4,1.6,0.0,129.2,97.2,2945.83,2178.67,8133.96,,1283.53,63.91,87.99,6415.0,1591.211,6548.01,165.76,,,,,,,,,,,,1311.0,0
2019-05,,,,,3.6,38.0,44.0,218.0,3.5,2.0,1.573,2.5,0.03,78.6889,-7.9,52.6,56.1,0.0,17.3,14.4,8.0,51.7,2.2,1347.0,5.46,0.4,2.5,17.3,5.0,1.7,0.4,131.3,100.0,2752.06,2046.25,7453.15,,1305.58,53.5,98.72,5830.0,1465.487,10629.66,277.65,,,,,,,,,,,,1347.0,0
2019-06,3.4,2.2,3.9,2.0,3.6,204.0,161.0,225.8,3.6,2.1,1.6825,2.3,-0.68,78.6717,-10.6,51.5,55.2,0.11,2.3,-6.4,4.0,50.6,1.4,1315.0,5.39,0.3,3.1,17.3,4.7,1.9,0.3,124.3,98.2,2941.76,2178.35,8006.24,2.38,1409.55,58.47,112.64,5993.0,1566.572,15266.53,324.94,458.92,1372.56,1072.47,945.5783,164.23,651.69,597.34,471.28,303.04,367.14,227.91,1315.0,0
2019-07,,,,,3.7,90.0,79.0,208.5,3.7,2.2,1.66657,2.2,-1.27,78.2415,-2.1,51.0,54.4,-0.39,21.6,4.2,-10.0,46.4,1.2,1352.0,5.43,0.9,3.3,16.82,4.2,2.1,0.4,135.8,98.4,2980.38,2187.56,8330.21,,1413.78,58.58,117.05,5927.0,1574.605,12539.36,228.33,,,,,,,,,,,,1352.0,0
2019-08,,,,,3.6,221.0,2.0,211.8,3.7,2.4,1.75953,2.0,-1.25,78.7426,-8.3,48.5,56.0,0.2,11.1,4.2,-3.0,49.7,0.7,1489.0,5.47,0.2,3.4,16.97,4.3,2.2,0.3,134.2,89.8,2926.46,2138.52,7962.88,,1520.38,55.1,87.77,5652.0,1494.839,12046.06,179.58,,,,,,,,,,,,1489.0,0
2019-09,4.6,2.7,4.3,1.3,3.5,203.0,59.0,209.5,3.6,2.4,1.64767,1.9,-1.52,78.4845,-7.8,48.1,53.2,-0.39,13.2,2.2,-8.0,47.9,-0.2,1474.0,5.31,-0.2,3.6,17.19,4.4,2.5,0.1,126.3,93.2,2976.74,2180.02,7939.63,2.04,1472.49,54.07,92.98,5725.0,1523.373,10296.67,187.44,465.54,1413.36,1043.38,947.2741,167.26,654.89,629.38,437.13,328.49,364.66,243.6,1474.0,0
2019-10,,,,,3.6,100.0,-78.0,213.5,3.7,2.3,1.64312,1.7,-2.25,77.7075,-5.7,48.1,54.8,-0.76,5.9,3.3,4.0,44.1,-0.5,1525.0,5.29,0.4,2.7,16.55,4.5,2.2,0.0,126.1,95.5,3037.56,2233.53,8243.12,,1512.99,54.18,84.72,5797.0,1562.452,11463.18,191.97,,,,,,,,,,,,1525.0,0
2019-11,,,,,3.6,208.0,-35.0,227.0,3.7,2.3,1.47237,1.6,-1.78,78.0665,-10.4,48.1,53.6,0.21,10.9,2.5,1.0,47.2,-0.7,1527.0,5.26,0.1,2.7,17.09,4.7,2.3,0.6,126.8,96.8,3140.98,2292.26,8665.47,,1463.98,55.17,83.8,5864.0,1624.503,9636.01,161.91,,,,,,,,,,,,1527.0,0
2019-12,2.6,3.2,4.7,1.4,3.6,126.0,157.0,236.0,3.1,2.3,1.50289,1.5,-2.03,77.8163,-9.3,47.9,55.7,-0.38,1.3,3.3,-3.0,48.1,-0.8,1451.0,5.45,0.9,6.6,16.7,3.2,3.3,0.2,128.2,99.3,3230.78,2358.47,9006.62,1.55,1517.27,61.06,85.97,6174.0,1668.469,8964.53,136.0,511.39,1611.17,1188.2,986.2906,181.64,687.6,646.97,456.46,328.36,385.85,240.32,1451.0,0
2020-01,,,,,3.6,253.0,-84.0,210.3,3.3,2.3,1.55232,1.0,-1.93,77.3913,0.5,51.4,56.0,-0.21,14.3,4.8,15.0,43.5,-0.4,1507.0,5.35,0.5,5.5,16.84,4.3,3.4,0.3,130.4,99.8,3225.52,2342.41,9150.94,,1589.16,51.56,89.3,5567.0,1614.061,11691.08,191.24,,,,,,,,,,,,1507.0,0
2020-02,,,,,3.5,264.0,-56.0,209.8,3.4,2.4,1.656,1.2,-1.16,77.5663,6.5,50.1,57.5,0.12,39.1,12.9,-3.0,49.9,-0.7,1442.0,5.63,-0.2,5.5,16.83,4.3,3.2,-0.1,132.6,101.0,2954.22,2141.12,8567.37,,1585.69,44.76,80.1,5635.0,1476.431,10841.01,239.82,,,,,,,,,,,,1442.0,1
2020-03,-5.3,1.2,2.9,1.8,4.4,-1411.0,-54.0,2334.5,3.6,2.1,1.49152,1.1,-5.02,74.5352,-14.1,49.0,52.9,-4.4,-17.6,-21.5,3.0,46.7,-5.6,1358.0,5.34,-4.9,-0.9,11.37,1.9,-4.2,-6.6,118.8,89.1,2584.59,1852.73,7502.38,0.65,1577.18,20.48,80.65,4951.0,1153.103,8102.94,142.89,346.02,1414.36,1032.9,793.1123,150.35,499.12,560.33,223.4,281.77,283.23,192.64,1358.0,1
2020-04,,,,,14.8,-20477.0,-6759.0,3828.0,7.8,1.4,0.93247,1.3,-17.26,64.5714,-29.4,41.8,41.7,-18.12,-58.4,-78.2,-53.0,34.0,-10.9,1066.0,4.46,-14.7,-16.0,8.58,13.6,-14.7,-11.0,85.7,71.8,2912.43,2052.85,8634.52,,1686.5,18.84,82.56,5188.5,1310.664,11034.99,224.25,,,,,,,,,,,,1066.0,1
2020-05,,,,,13.2,2619.0,-619.0,2017.8,6.9,1.2,0.95085,1.1,-16.06,65.6487,-21.0,43.5,45.4,4.7,-43.3,-48.5,-28.0,31.3,-9.2,1260.0,4.09,12.8,-5.7,12.21,8.8,-8.0,8.3,85.9,72.3,3044.31,2147.88,9489.87,,1730.27,35.49,94.56,5376.5,1394.035,11778.76,233.23,,,,,,,,,,,,1260.0,0
2020-06,-28.0,-7.5,-6.9,-1.4,11.0,4615.0,102.0,1490.3,5.6,1.2,0.90843,1.1,-10.66,69.9664,-8.3,52.6,57.3,6.26,28.0,-0.2,7.0,37.4,-7.3,1338.0,4.87,8.7,2.2,13.05,8.8,-3.2,5.5,98.3,78.1,3100.29,2201.79,9757.22,0.08,1780.96,39.27,98.01,6015.0,1441.365,11440.23,238.79,385.49,1840.1,1167.8101,1051.417,179.88,581.0,601.33,287.46,286.96,354.83,216.39,1338.0,0
2020-07,,,,,10.2,1585.0,-131.0,1291.3,4.8,1.6,1.16387,1.1,-6.87,72.6784,-2.2,53.8,56.7,2.53,29.7,17.2,7.0,52.1,-5.8,1546.0,5.96,2.1,3.5,14.52,10.2,-2.2,1.5,91.7,72.5,3271.12,2304.98,10745.27,,1975.86,40.27,109.25,6413.0,1480.427,14186.78,366.25,,,,,,,,,,,,1546.0,0
2020-08,,,,,8.4,1534.0,25.0,892.0,5.1,1.7,1.36594,1.2,-6.7,73.4452,-3.9,55.4,57.1,1.26,14.8,3.7,18.0,50.9,-4.8,1529.0,6.04,0.9,4.2,15.19,6.4,-1.8,0.7,86.3,74.1,3500.31,2455.51,11695.63,,1967.8,42.61,125.84,6667.0,1561.876,14603.23,458.13,,,,,,,,,,,,1529.0,0
2020-09,34.8,-1.5,-0.2,3.6,7.8,1046.0,395.0,825.0,4.8,1.7,1.44481,1.2,-6.52,73.5298,3.1,55.5,57.1,0.51,16.3,17.0,23.0,63.8,-4.0,1624.0,6.35,1.6,6.1,16.34,6.9,-0.5,1.4,101.3,80.4,3363.0,2367.27,10913.56,0.09,1885.82,40.22,120.21,6672.0,1507.692,13390.0,378.22,400.28,2054.56,1231.02,1207.693,195.49,650.68,659.14,227.49,301.86,400.01,218.95,1624.0,0
2020-10,,,,,6.8,673.0,487.0,798.0,4.6,1.6,1.36668,1.1,-5.09,74.1142,2.5,58.7,56.1,0.88,31.3,10.5,23.0,61.0,-3.2,1613.0,6.56,-0.3,5.4,16.21,6.5,-0.3,0.3,101.4,81.8,3269.96,2292.93,10911.59,,1878.81,35.79,117.15,6718.5,1538.479,17055.07,407.05,,,,,,,,,,,,1613.0,0
2020-11,,,,,6.7,268.0,281.0,751.3,4.6,1.6,1.42794,1.2,-5.18,74.5927,7.6,57.3,56.1,0.28,28.4,6.3,16.0,59.5,-2.4,1714.0,6.47,-0.9,4.3,15.55,5.3,-1.1,-0.2,92.9,76.9,3621.63,2583.14,12205.85,,1776.95,45.34,123.6,7580.0,1819.816,24181.54,640.87,,,,,,,,,,,,1714.0,0
2020-12,4.2,-1.1,0.6,2.8,6.7,-243.0,377.0,819.3,5.6,1.6,1.55353,1.3,-3.84,75.6169,9.7,60.2,57.5,0.62,9.6,4.9,14.0,59.5,-1.4,1744.0,6.51,0.6,4.0,16.27,6.4,-0.9,0.4,87.1,80.7,3756.07,2690.04,12804.73,0.09,1898.36,48.52,152.94,7766.0,1974.855,36266.01,783.28,490.43,2291.28,1324.01,1302.561,221.92,749.54,696.32,286.14,319.07,455.71,227.9,1744.0,0
2021-01,,,,,6.4,398.0,9.0,834.0,5.3,1.4,1.71524,1.6,-2.56,76.4136,3.6,59.2,58.4,0.91,27.1,3.5,14.0,63.9,-1.0,1883.0,6.6,4.2,7.8,16.63,15.6,0.0,1.2,87.1,79.0,3714.24,2661.69,13070.69,,1847.65,52.2,156.06,7856.0,2073.641,43346.83,1454.67,,,,,,,,,,,,1883.0,0
2021-02,,,,,6.2,527.0,213.0,755.0,5.2,1.3,1.75323,1.7,-6.16,73.9408,2.8,60.7,56.5,-1.71,31.9,12.1,18.0,61.4,-0.9,1715.0,6.13,-2.5,5.3,15.67,7.0,-0.9,-1.0,95.2,76.8,3811.15,2726.91,13192.35,,1734.04,61.5,165.38,9077.0,2201.051,57077.64,1514.23,,,,,,,,,,,,1715.0,0
2021-03,5.2,1.6,4.1,5.4,6.1,831.0,174.0,669.3,4.9,1.6,2.25556,2.0,0.48,76.2498,24.3,64.0,62.3,2.29,40.0,17.4,17.0,64.0,5.1,1732.0,5.98,9.2,20.9,17.75,31.7,10.5,4.2,114.9,84.9,3972.89,2811.7,13138.72,0.07,1707.71,59.16,154.24,8785.5,2220.519,73676.3,2053.23,565.72,2331.06,1360.34,1340.915,239.28,831.98,699.46,369.89,325.26,494.71,247.0,1732.0,0
2021-04,,,,,6.1,319.0,255.0,557.0,1.5,3.0,3.22055,2.3,16.18,76.5375,54.6,60.9,63.3,0.1,48.9,26.3,16.0,68.5,12.4,1738.0,5.94,0.6,42.6,18.51,2.7,25.0,0.7,117.5,88.3,4181.17,2938.76,13962.68,,1769.13,63.58,184.19,9825.0,2266.449,71054.53,2928.63,,,,,,,,,,,,1738.0,0
2021-05,,,,,5.8,451.0,285.0,457.3,2.8,3.8,3.64398,3.0,15.33,77.3697,38.3,61.7,64.3,0.24,32.6,24.3,22.0,71.4,11.0,1681.0,5.88,-0.7,25.5,16.99,5.1,15.1,-0.3,120.0,82.9,4204.11,2975.7,13748.74,,1906.87,66.32,200.91,10258.0,2268.972,44015.27,2569.19,,,,,,,,,,,,1681.0,0
2021-06,6.2,11.9,17.0,6.1,5.9,778.0,453.0,398.0,4.1,4.5,3.94922,3.7,8.68,77.7972,26.4,61.4,61.2,0.29,31.5,17.4,27.0,66.7,9.7,1657.0,5.99,2.1,18.0,15.36,5.1,10.0,0.9,128.9,85.5,4297.5,3017.23,14360.39,0.08,1770.11,73.47,211.21,9374.5,2310.549,43245.72,2371.44,610.6,2594.48,1468.9399,1431.8149,264.35,866.24,721.62,407.37,321.58,517.02,277.41,1657.0,0
2021-07,,,,,5.4,939.0,1081.0,372.3,5.1,4.3,4.00999,4.3,5.38,78.4064,14.8,60.0,64.0,0.79,27.1,43.0,23.0,72.1,8.8,1652.0,6.07,-1.0,14.3,14.75,4.8,8.2,-0.2,125.1,81.2,4395.26,3069.25,14672.68,,1814.19,73.95,178.63,9728.0,2226.246,50841.39,2564.18,,,,,,,,,,,,1652.0,0
2021-08,,,,,5.1,465.0,575.0,360.5,5.2,4.0,4.01886,4.6,4.42,78.5176,18.0,59.6,61.3,0.15,16.5,18.3,13.0,66.7,8.5,1770.0,5.99,1.5,14.9,13.06,8.2,8.0,0.5,115.2,70.3,4522.68,3141.35,15129.5,,1813.62,68.5,153.14,9520.0,2273.774,58757.88,3592.57,,,,,,,,,,,,1770.0,0
2021-09,3.3,4.7,10.1,6.1,4.7,480.0,877.0,348.8,6.0,4.0,4.07439,5.2,3.36,77.7675,12.5,60.5,62.0,-0.02,32.4,34.3,-1.0,67.5,8.0,1625.0,6.17,0.5,13.7,12.18,6.6,6.8,0.2,109.8,72.8,4307.54,3006.6,15047.7,0.08,1756.95,75.03,120.43,8936.5,2204.372,54530.91,3179.44,624.6,2623.83,1483.99,1429.686,268.04,826.83,714.58,395.88,324.58,496.64,278.09,1625.0,0
2021-10,,,,,4.5,860.0,667.0,277.8,6.5,4.6,4.50081,5.7,4.02,78.8064,9.4,60.5,66.8,0.83,22.7,19.8,13.0,69.5,8.1,1719.0,6.21,1.6,15.8,12.99,7.3,7.2,0.7,111.6,71.7,4605.38,3174.73,15498.39,,1783.38,83.57,110.28,9496.0,2297.191,78104.43,4658.98,,,,,,,,,,,,1719.0,0
2021-11,,,,,4.1,631.0,662.0,236.0,6.6,4.9,4.95111,6.0,4.48,79.5489,14.6,60.7,67.1,0.75,40.6,30.9,14.0,64.3,8.1,1766.0,6.43,0.9,17.9,12.86,8.6,7.6,0.1,111.9,67.4,4567.0,3101.8,15491.66,,1774.52,66.18,94.39,9442.5,2198.908,71871.01,4920.0,,,,,,,,,,,,1766.0,0
2021-12,7.0,5.4,11.9,7.0,3.9,566.0,790.0,215.3,6.4,5.5,5.23801,6.5,2.97,79.3243,14.1,58.3,61.6,0.18,13.8,31.9,12.0,64.5,8.0,1913.0,6.21,-0.4,16.7,12.44,8.0,6.9,-0.3,115.2,70.6,4766.18,3231.73,15644.97,0.08,1829.2,75.21,114.09,9720.5,2245.313,57368.61,3861.41,650.04,3055.45,1643.92,1610.756,267.48,894.96,804.6,422.74,363.71,569.63,324.75,1913.0,0
2022-01,,,,,4.0,251.0,328.0,239.5,6.9,6.0,5.3695,7.1,2.27,79.4322,12.8,57.4,60.0,-0.1,19.9,-0.7,7.0,64.7,6.3,1915.0,6.43,0.8,12.9,15.04,-2.1,5.6,0.0,111.1,67.2,4515.55,3059.05,13770.57,,1797.17,88.15,132.5,9506.0,2028.453,48137.03,2847.04,,,,,,,,,,,,1915.0,0
2022-02,,,,,3.8,862.0,449.0,217.8,6.8,6.4,5.5747,7.8,6.61,79.9253,9.7,58.3,57.2,0.59,19.1,3.1,5.0,58.2,6.5,1860.0,5.89,1.1,17.1,14.07,5.8,6.7,0.1,105.7,62.8,4373.94,2977.95,13694.62,,1908.99,95.72,126.25,9883.5,2048.089,52286.6,2997.82,,,,,,,,,,,,1860.0,0
2022-03,-2.0,3.6,10.7,8.5,3.6,494.0,380.0,211.5,7.0,6.5,5.54958,8.1,4.43,80.5162,8.9,57.3,58.3,0.45,23.3,-11.8,9.0,61.0,5.4,1879.0,5.63,2.8,10.2,13.33,-12.1,2.8,0.4,107.6,59.4,4530.41,3053.07,14169.3,0.2,1937.44,100.28,142.49,10375.0,2070.125,57063.87,3485.2,637.61,2794.09,1594.8101,1462.6899,235.09,870.46,791.47,581.93,378.12,553.45,302.42,1879.0,0
2022-04,,,,,3.7,272.0,284.0,213.3,6.9,6.2,5.25494,8.7,4.59,80.7112,8.9,55.6,57.9,0.04,16.9,24.6,7.0,54.2,3.8,1835.0,5.53,1.3,11.0,14.29,1.3,2.4,0.3,108.6,65.2,4131.93,2795.62,12334.64,,1896.93,104.69,133.59,9769.5,1864.103,47874.06,2948.63,,,,,,,,,,,,1835.0,0
2022-05,,,,,3.6,286.0,204.0,210.8,6.7,6.0,5.07456,8.9,3.66,80.6275,10.4,56.1,56.9,-0.36,3.5,-11.6,-8.0,58.8,2.4,1712.0,5.35,0.6,12.4,12.68,3.6,2.5,-0.1,103.2,58.4,4132.15,2791.01,12131.13,,1837.35,114.67,133.34,9447.5,1864.043,39540.97,2047.2,,,,,,,,,,,,1712.0,0
2022-06,-0.6,1.9,9.7,9.1,3.6,420.0,485.0,214.3,6.7,5.9,5.19258,8.9,3.19,80.4742,9.9,53.4,55.9,-0.24,-2.7,-1.2,-10.0,55.3,0.8,1745.0,5.1,0.8,11.0,13.0,3.9,1.7,0.0,98.4,50.0,3785.38,2546.19,11607.62,1.21,1807.27,105.76,115.53,8258.0,1707.99,23615.42,1076.49,523.35,2222.96,1494.3101,1077.7791,186.03,738.41,750.05,546.24,356.45,463.16,255.77,1745.0,0
2022-07,,,,,3.5,690.0,478.0,220.8,6.5,5.9,4.9615,8.8,3.01,80.7318,7.4,52.8,56.4,0.2,-7.4,11.1,-2.0,52.3,-0.7,1719.0,4.86,-0.5,11.6,13.35,3.6,1.9,0.0,95.3,51.5,4130.29,2746.37,12390.69,,1765.94,98.62,104.32,7917.5,1885.23,29845.83,1824.02,,,,,,,,,,,,1719.0,0
2022-08,,,,,3.6,243.0,282.0,216.8,6.2,6.3,5.20747,8.9,3.11,80.7118,8.0,52.8,55.9,0.18,2.7,-31.3,-4.0,52.0,-1.5,1542.0,4.75,0.1,10.1,13.18,3.9,1.8,0.4,103.6,58.2,3955.0,2627.32,12141.71,,1711.04,89.55,95.25,7801.5,1844.115,25286.64,1670.7,,,,,,,,,,,,1542.0,0
2022-09,2.7,1.7,9.1,4.4,3.5,255.0,277.0,197.5,5.9,6.6,5.47208,8.5,4.51,80.8369,8.7,50.8,55.7,0.07,-7.8,-1.5,-2.0,47.4,-2.1,1613.0,4.7,-0.1,9.4,13.49,5.1,1.9,0.3,107.8,58.6,3585.62,2378.65,10575.62,2.56,1660.61,79.49,95.6,7560.0,1664.716,24454.31,1419.73,504.39,2079.85,1411.36,1122.313,162.01,700.6,695.78,552.56,332.52,427.77,225.94,1613.0,0
2022-10,,,,,3.6,361.0,200.0,202.5,5.8,6.3,5.32585,8.2,3.1,80.6377,8.3,50.0,54.7,-0.08,-9.9,-9.1,-9.0,46.8,-3.6,1560.0,4.49,1.1,8.8,14.9,4.9,1.4,0.2,102.2,59.9,3871.98,2547.72,11102.45,,1633.56,86.53,78.91,7450.0,1846.863,25478.46,1656.01,,,,,,,,,,,,1560.0,0
2022-11,,,,,3.6,258.0,195.0,211.5,5.9,6.0,5.09036,8.0,1.85,80.2626,3.0,48.9,55.2,-0.56,-17.0,4.5,-7.0,37.8,-5.1,1402.0,4.19,-1.0,6.8,14.14,4.6,0.9,-0.3,101.4,56.7,4080.11,2720.89,11226.36,,1768.52,80.55,96.91,8239.0,1886.577,21331.17,1369.05,,,,,,,,,,,,1402.0,0
2022-12,2.6,0.7,7.1,3.9,3.5,136.0,306.0,208.0,5.5,5.7,4.86513,7.7,0.59,78.9195,4.7,48.1,49.0,-0.53,-15.2,-11.2,-4.0,45.2,-6.4,1400.0,4.12,-0.6,6.5,13.31,4.5,1.3,0.1,109.0,59.8,3839.5,2602.69,10466.48,4.1,1824.02,80.26,111.68,8372.0,1761.246,20685.82,1266.55,569.74,2172.17,1585.54,1005.483,159.37,831.4,779.13,672.34,358.48,489.55,232.37,1400.0,0
2023-01,,,,,3.4,482.0,131.0,202.8,5.2,5.6,4.90118,7.4,1.51,79.6374,2.3,47.4,54.7,0.45,-9.8,-32.9,-7.0,43.8,-6.1,1443.0,4.07,2.9,8.7,15.74,5.8,2.3,1.0,106.0,64.9,4076.6,2785.0,11621.71,,1928.36,78.87,117.87,9222.5,1931.945,28883.36,1681.96,,,,,,,,,,,,1443.0,0
2023-02,,,,,3.6,287.0,275.0,216.8,5.4,5.5,4.84454,6.8,0.88,79.5454,0.2,47.7,55.0,-0.28,-17.8,-5.8,-14.0,43.0,-7.0,1620.0,4.53,-0.7,6.7,14.89,5.7,2.3,0.1,103.4,66.9,3970.15,2714.57,11394.94,,1826.92,77.05,116.87,8961.0,1896.991,29118.11,1725.62,,,,,,,,,,,,1620.0,0
2023-03,2.2,1.7,7.1,3.9,3.5,146.0,103.0,224.3,5.4,5.6,4.78296,6.4,0.18,79.5118,4.6,46.5,51.2,-0.54,-22.4,-24.6,-8.0,43.1,-8.0,1493.0,4.35,-1.1,2.7,14.82,5.8,1.7,-0.2,104.0,62.0,4109.31,2791.44,12221.91,4.65,1969.28,75.67,121.76,8993.0,1802.484,35584.49,1936.36,535.28,2638.98,1510.73,1163.981,191.53,856.59,780.38,634.9,344.01,507.92,234.78,1493.0,0
2023-04,,,,,3.4,278.0,293.0,216.8,5.2,5.5,4.763,5.4,0.35,79.79,2.7,47.0,52.3,0.1,-26.3,10.8,-12.0,46.8,-8.3,1470.0,4.22,0.6,2.0,15.91,5.7,1.6,0.1,103.7,63.7,4169.48,2835.93,12226.58,,1990.0,76.78,106.49,8595.5,1768.987,36700.59,2005.97,,,,,,,,,,,,1470.0,0
2023-05,,,,,3.7,303.0,206.0,227.0,5.1,5.3,4.68783,4.9,0.14,79.5144,7.5,46.6,51.0,-0.17,-10.0,-31.8,-10.0,40.8,-8.2,1532.0,4.23,0.1,1.5,15.05,5.6,1.8,0.1,102.5,59.0,4179.83,2800.56,12975.69,,1962.73,68.09,98.44,8089.0,1749.65,33825.07,1975.79,,,,,,,,,,,,1532.0,0
2023-06,2.1,2.4,5.9,1.7,3.6,240.0,543.0,251.8,5.0,4.8,4.28008,4.2,-0.38,78.9361,9.0,46.4,53.6,-0.4,-13.6,6.6,-8.0,41.8,-8.1,1493.0,4.11,0.1,0.7,15.68,5.4,2.1,0.3,110.1,64.2,4450.38,2966.72,13787.92,5.08,1919.35,70.64,108.28,8315.5,1888.734,38006.5,2038.81,561.11,3085.84,1548.62,1330.54,216.08,908.09,778.82,623.56,332.8,521.93,236.67,1493.0,0
2023-07,,,,,3.5,184.0,307.0,233.5,5.0,4.7,4.18915,3.9,0.06,79.5299,2.9,46.5,52.8,0.19,-14.2,1.1,-9.0,43.6,-7.8,1501.0,4.05,0.8,1.9,15.74,4.9,2.5,0.5,114.0,71.5,4588.96,3064.3,14316.66,,1965.09,81.8,111.11,8831.5,2003.177,36474.01,1967.57,,,,,,,,,,,,1501.0,0
2023-08,,,,,3.8,210.0,135.0,237.8,4.8,4.3,3.72619,3.6,-0.12,79.3823,3.0,47.6,54.1,-0.25,7.7,-19.0,-7.0,48.8,-7.9,1578.0,4.03,0.8,2.7,15.04,4.9,2.0,-0.1,108.7,69.4,4507.66,2986.02,13590.65,,1940.19,83.63,113.48,8422.5,1899.676,32723.85,1754.45,,,,,,,,,,,,1578.0,0
2023-09,4.9,2.9,6.2,3.3,3.8,246.0,137.0,216.5,4.7,4.1,3.59249,3.4,-0.22,79.4371,5.9,48.6,53.4,0.0,-13.4,1.9,5.0,44.9,-8.1,1515.0,3.98,0.8,3.7,15.67,4.8,2.1,0.4,104.3,67.9,4288.05,2853.24,13219.32,5.33,1848.63,90.79,116.84,8270.5,1785.102,33659.69,1763.32,552.16,2905.56,1501.22,1263.996,222.21,857.57,727.36,694.19,299.2,494.54,213.82,1515.0,0
2023-10,,,,,3.8,165.0,111.0,210.5,4.6,4.0,3.38367,3.1,-0.82,78.7929,0.7,46.9,51.9,-0.6,-12.1,-4.6,3.0,45.0,-8.1,1534.0,3.85,0.0,2.6,15.5,4.3,2.1,0.2,99.1,63.8,4193.8,2768.62,12643.01,,1983.88,81.02,118.75,8110.5,1662.282,43130.2,1916.45,,,,,,,,,,,,1534.0,0
2023-11,,,,,3.7,182.0,104.0,217.5,4.6,4.0,3.18253,2.9,-0.16,78.9696,10.0,46.6,52.5,0.23,-8.0,9.1,-5.0,55.6,-7.6,1508.0,3.91,0.0,3.6,15.32,4.4,2.9,0.4,101.0,61.3,4567.8,3023.63,14250.85,,2036.41,75.96,125.33,8464.5,1809.02,47188.08,2165.44,,,,,,,,,,,,1508.0,0
2023-12,3.4,3.1,5.9,1.6,3.7,290.0,158.0,205.8,4.5,3.9,2.94093,2.7,1.07,78.6358,3.4,47.1,50.5,-0.14,-12.8,-14.5,-11.0,47.2,-7.2,1530.0,3.88,0.3,4.6,15.83,4.5,3.3,0.5,108.0,69.7,4769.83,3169.18,15011.35,5.33,2062.98,71.65,131.8,8559.0,2027.074,52511.47,2440.31,626.35,3397.16,1590.36,1418.085,246.0,964.73,762.32,640.05,321.92,539.62,251.58,1530.0,0
2024-01,,,,,3.7,256.0,111.0,209.5,4.7,3.9,2.90905,2.3,-0.73,77.9346,-0.9,49.1,53.4,-0.79,-10.6,-43.7,-15.0,46.0,-7.2,1508.0,4.0,-0.8,0.9,15.0,4.6,1.9,-0.3,110.9,79.0,4845.65,3205.32,15455.36,,2039.52,75.85,127.05,8608.5,1947.342,53296.79,2427.7,,,,,,,,,,,,1508.0,0
2024-02,,,,,3.9,236.0,175.0,208.5,4.5,3.8,2.81465,2.3,0.06,78.4842,4.5,47.8,52.6,0.31,5.2,-2.4,-5.0,44.0,-6.4,1563.0,4.38,0.3,2.0,15.81,4.3,2.2,0.3,104.8,76.9,5096.27,3337.2,15996.82,,2044.3,78.26,115.16,8493.5,2054.843,77728.39,3605.8,,,,,,,,,,,,1563.0,0
2024-03,1.3,2.9,5.4,3.0,3.8,310.0,211.0,214.5,4.2,3.8,2.81284,2.3,0.09,78.4879,-2.2,50.3,51.4,-0.04,3.2,-20.9,-11.0,41.4,-5.5,1485.0,4.22,0.9,4.0,15.49,4.4,2.8,0.4,103.1,79.4,5254.35,3437.76,16379.46,5.33,2229.87,83.17,94.86,8867.0,2124.547,88565.69,3779.56,701.32,3821.05,1723.97,1485.4871,284.29,1066.71,814.23,721.24,333.49,585.16,248.16,1485.0,0
2024-04,,,,,3.9,165.0,188.0,210.3,4.1,3.6,2.75366,2.3,-0.38,78.397,1.2,49.2,49.4,-0.23,15.5,-14.3,-7.0,37.9,-5.4,1440.0,4.14,0.2,3.6,15.74,4.5,2.6,-0.1,97.5,77.2,5035.69,3305.3,15927.9,,2286.25,81.93,108.71,9991.0,1973.906,74311.32,3106.74,,,,,,,,,,,,1440.0,0
2024-05,,,,,4.0,272.0,152.0,,4.2,3.4,,2.3,,,,48.7,53.8,,4.5,-15.6,0.0,35.4,,,,,,15.9,,,,102.0,69.1,5277.51,3445.17,16735.02,5.33,2327.33,76.99,108.05,10040.0,2070.126,84603.49,4005.8,,,,,,,,,,,,,0
2024-06,,,,,,,,,,,,,,,,,,,,-6.0,,,,,,,,,,,,,65.6,5460.48,3511.78,17862.23,,2333.62,80.44,100.86,9682.5,2022.034,76673.41,3513.03,695.61,4315.09,1719.36,1484.0634,307.31,1050.53,833.66,693.34,354.43,568.0,243.05,,0
2024-07,,,,,,,,,,,,,,,,,,,,,,,,,,,,,,,,,,5588.27,3607.74,,,,,,,,,,,,,,,,,,,,,,0
